sampleName,PC1,PC2,PC3,PC4,PC5,PC6,PC7,Pop,PopBasic,PopReduced,PopReducedReduced
ann04_nwAR,-0.0031685,0.00446874,0.01452582,0.00798402,-0.0128629,-0.019001,-0.0027757,AR,Wild,AR_IL_NB,ENA
ann10_ccIL,-0.0070622,0.00402618,0.01155807,0.01101396,-0.0155247,-0.0160181,1.48E-06,IL,Wild,AR_IL_NB,ENA
Ann1238,0.03646419,0.02174082,0.01688569,-0.0039454,0.0088096,0.04085782,0.0345036,NB,Wild,AR_IL_NB,ENA
ann39_ncNE,-0.0016617,0.00404438,0.00066452,-0.0078339,0.00985656,-0.0079853,-0.0036805,NB,Wild,AR_IL_NB,ENA
ARG0054,0.0548196,-0.1809213,-0.0587917,0.4423883,0.3076872,-0.0096898,-0.016795,argophyllus,argophyllus,argophyllus,argophyllus
ARG0169,0.05473797,-0.1801569,-0.0569665,0.42756839,0.29801636,-0.0075146,-0.0159383,argophyllus,argophyllus,argophyllus,argophyllus
ARG0204,0.05746247,-0.1836714,-0.0601361,0.44958906,0.31211267,-0.0074272,-0.017455,argophyllus,argophyllus,argophyllus,argophyllus
ANN0810,0.0337288,0.0011701,-0.1842213,-0.0600619,0.03492954,-0.1154543,0.03557954,CA,Wild,CA_AZ_NV,CA_AZ_NV
ANN0820,0.03942654,0.0111818,-0.2317437,-0.075018,0.04020777,-0.1468675,0.03534621,CA,Wild,CA_AZ_NV,CA_AZ_NV
ANN0830,0.03942429,0.01139529,-0.2229746,-0.0702678,0.03712517,-0.1356025,0.03187176,CA,Wild,CA_AZ_NV,CA_AZ_NV
ANN0835,0.04360166,0.01618234,-0.2245023,-0.0758038,0.04668602,-0.1264315,0.03732727,CA,Wild,CA_AZ_NV,CA_AZ_NV
ANN0849,0.04166759,0.01209509,-0.2206839,-0.069972,0.0346394,-0.1293028,0.03094933,CA,Wild,CA_AZ_NV,CA_AZ_NV
ANN0854,0.04555968,0.01518869,-0.2360324,-0.0762264,0.04342318,-0.1441514,0.04539776,CA,Wild,CA_AZ_NV,CA_AZ_NV
ANN0867,0.0442101,0.02754422,-0.1492801,-0.0971473,0.10634923,-0.0699383,0.06481035,CA,Wild,CA_AZ_NV,CA_AZ_NV
ANN0874,0.04128152,0.02736487,-0.1389133,-0.0925006,0.10047842,-0.0656682,0.04875612,CA,Wild,CA_AZ_NV,CA_AZ_NV
ANN0880,0.03875073,0.02795379,-0.1321382,-0.0886035,0.09942551,-0.0620823,0.05668363,CA,Wild,CA_AZ_NV,CA_AZ_NV
ANN0882,0.0376095,0.01217134,-0.1502495,-0.066276,0.06749885,-0.0682989,0.06281846,CA,Wild,CA_AZ_NV,CA_AZ_NV
ANN0898,0.03800533,0.01321795,-0.1400852,-0.0629238,0.06121916,-0.0730306,0.054407,CA,Wild,CA_AZ_NV,CA_AZ_NV
ANN0908,0.02646003,0.00989251,-0.1169015,-0.0119745,-0.0156713,-0.0032125,-0.028298,AZ,Wild,CA_AZ_NV,CA_AZ_NV
ANN0918,0.03723747,0.00623668,-0.1223818,-0.0040786,-0.0276869,0.00455607,-0.0130188,AZ,Wild,CA_AZ_NV,CA_AZ_NV
ANN0927,0.0381044,0.00386526,-0.1458872,-0.0093898,-0.0258973,-0.0368774,-0.0234877,AZ,Wild,CA_AZ_NV,CA_AZ_NV
ANN0931,0.03103165,0.013112,-0.069214,-0.0067809,-0.0227656,0.03876771,-0.0639241,AZ,Wild,CA_AZ_NV,CA_AZ_NV
ANN0946,0.03646948,0.00207566,-0.0694754,0.00455354,-0.0361777,0.02827721,-0.0177575,AZ,Wild,CA_AZ_NV,CA_AZ_NV
ANN1029,0.0440195,0.01942684,-0.1227082,-0.0590715,0.06051954,0.00532412,0.02630281,NV,Wild,CA_AZ_NV,CA_AZ_NV
ANN1040,0.03720763,0.02720603,-0.1189946,-0.0821425,0.08542297,-0.0482821,0.0385878,NV,Wild,CA_AZ_NV,CA_AZ_NV
ANN1046,0.05403694,-0.1168411,-0.0521201,-0.0535046,-0.0274913,-0.0066242,-0.0119883,NV,Wild,CA_AZ_NV,CA_AZ_NV
ANN1260,0.03573532,0.01269732,-0.2152146,-0.0662675,0.03602105,-0.1325575,0.03897878,CA,Wild,CA_AZ_NV,CA_AZ_NV
ANN1268,0.03700036,0.00567702,-0.1443307,-0.0056069,-0.0335018,-0.0344225,-0.035008,AZ,Wild,CA_AZ_NV,CA_AZ_NV
ANN1273,0.03947413,0.00297399,-0.1465565,-0.0033727,-0.0399042,-0.0264494,-0.0328499,AZ,Wild,CA_AZ_NV,CA_AZ_NV
ANN1284,0.03708147,0.0045223,-0.1451261,-0.0059076,-0.0333623,-0.0356961,-0.0319333,AZ,Wild,CA_AZ_NV,CA_AZ_NV
ann20_seAZ,-0.0002501,0.00084844,-0.0103362,0.00011497,-0.0038075,0.00104401,-0.0045437,AZ,Wild,CA_AZ_NV,CA_AZ_NV
ann44_ccCA,-0.0391282,-0.0017532,-0.0837609,-0.0244448,0.00979787,-0.051845,0.01458372,CA,Wild,CA_AZ_NV,CA_AZ_NV
ann05_ccNM,0.01112032,0.0050481,-0.00658,0.00601153,-0.0146978,0.02163279,-0.0024734,NM,Wild,CO_UT_NM,CO_UT_NM_TX
ANN0956,0.03817349,0.01390933,-0.0466968,0.01396506,-0.0462131,0.1035042,-0.079997,NM,Wild,CO_UT_NM,CO_UT_NM_TX
ANN0957,0.03298419,0.01639611,-0.045951,0.00986506,-0.0332782,0.09876467,-0.0884665,NM,Wild,CO_UT_NM,CO_UT_NM_TX
ANN0959,0.04075152,0.01257328,-0.0509131,0.01489091,-0.0454749,0.11045054,-0.0733004,NM,Wild,CO_UT_NM,CO_UT_NM_TX
ANN0962,0.03734062,0.01391951,-0.0580711,0.01600616,-0.0512519,0.15428968,-0.1368373,NM,Wild,CO_UT_NM,CO_UT_NM_TX
ANN0963,0.03230169,0.0161868,-0.0479408,0.01302258,-0.044291,0.13816379,-0.1336094,NM,Wild,CO_UT_NM,CO_UT_NM_TX
ANN0964,0.03642024,0.01274334,-0.0576511,0.01461573,-0.0482273,0.13717959,-0.1157169,NM,Wild,CO_UT_NM,CO_UT_NM_TX
ANN0972,0.03553634,0.01388672,-0.0146026,0.01674069,-0.0310777,0.05384196,0.00312733,NM,Wild,CO_UT_NM,CO_UT_NM_TX
ANN0975,0.0361785,0.01370454,-0.0178534,0.01732251,-0.032776,0.05237056,0.00498801,NM,Wild,CO_UT_NM,CO_UT_NM_TX
ANN0978,0.03144779,0.0153226,-0.0173632,0.01240255,-0.024382,0.05042479,0.00598334,NM,Wild,CO_UT_NM,CO_UT_NM_TX
ANN0981,0.04017513,0.01753231,-0.0125578,0.00089413,-0.0089644,0.06162567,-0.003002,NM,Wild,CO_UT_NM,CO_UT_NM_TX
ANN0985,0.03956557,0.02095557,-0.0021533,0.00344357,-0.014135,0.06130246,-0.0189234,NM,Wild,CO_UT_NM,CO_UT_NM_TX
ANN0986,0.04151065,0.01717755,-0.0105555,0.00246971,-0.0076717,0.06016882,-0.0044962,NM,Wild,CO_UT_NM,CO_UT_NM_TX
ANN0992,0.03552097,0.01914257,-0.0099738,0.00516321,-0.017648,0.13265184,-0.0418431,CO,Wild,CO_UT_NM,CO_UT_NM_TX
ANN0996,0.03648669,0.01994121,-0.0112514,0.00650004,-0.0210482,0.13750939,-0.0281518,CO,Wild,CO_UT_NM,CO_UT_NM_TX
ANN0997,0.03611164,0.01786593,-0.0111138,0.00758867,-0.022477,0.12884155,-0.0267756,CO,Wild,CO_UT_NM,CO_UT_NM_TX
ANN1002,0.03140628,0.02021539,-0.0193075,-0.008813,-0.0076822,0.11145445,-0.0805156,CO,Wild,CO_UT_NM,CO_UT_NM_TX
ANN1003,0.03178453,0.02055086,-0.0143115,-0.0093327,-0.0027768,0.11725995,-0.0797988,CO,Wild,CO_UT_NM,CO_UT_NM_TX
ANN1004,0.03362062,0.02106588,-0.0245739,-0.0050621,-0.0089348,0.11472074,-0.0809499,CO,Wild,CO_UT_NM,CO_UT_NM_TX
ANN1011,0.0409116,0.01986348,-0.0340529,-0.0090543,-0.0017671,0.13709456,-0.0698051,CO,Wild,CO_UT_NM,CO_UT_NM_TX
ANN1012,0.04046005,0.01938947,-0.0300056,-0.0061216,-0.0076465,0.14434451,-0.0656391,CO,Wild,CO_UT_NM,CO_UT_NM_TX
ANN1019,0.03636802,0.01985888,-0.0268889,-0.0052663,-0.0075636,0.13030777,-0.0764004,CO,Wild,CO_UT_NM,CO_UT_NM_TX
ANN1053,0.0426104,-0.0063683,-0.1126456,0.00161709,-0.020185,0.00509842,0.00038708,UT,Wild,CO_UT_NM,CO_UT_NM_TX
ANN1062,0.03753442,0.01378527,-0.1147653,-0.0206641,-0.0143321,0.00504849,-0.0396964,UT,Wild,CO_UT_NM,CO_UT_NM_TX
ANN1073,0.03742673,0.01884995,-0.0694975,-0.020749,0.00198461,0.04999473,-0.0355676,UT,Wild,CO_UT_NM,CO_UT_NM_TX
ANN1083,0.04140569,0.02271989,-0.0384709,-0.0163679,0.00074607,0.09940007,-0.0779892,UT,Wild,CO_UT_NM,CO_UT_NM_TX
ANN1095,0.04266835,0.02116546,-0.0444703,-0.0191965,0.00867149,0.11227357,-0.0610565,UT,Wild,CO_UT_NM,CO_UT_NM_TX
ANN1106,0.03741409,0.02026323,-0.0397022,-0.0165654,0.01046487,0.12340029,-0.0645692,UT,Wild,CO_UT_NM,CO_UT_NM_TX
ANN1115,0.03710951,0.02323517,-0.0286335,-0.0154835,-0.0011951,0.11620801,-0.0935246,UT,Wild,CO_UT_NM,CO_UT_NM_TX
ANN1127,0.04292873,0.02086581,-0.0481582,-0.0133209,0.00150271,0.133434,-0.079967,UT,Wild,CO_UT_NM,CO_UT_NM_TX
ANN1134,0.04288033,0.02189603,-0.0439598,-0.0146632,0.00118832,0.1303542,-0.0879058,UT,Wild,CO_UT_NM,CO_UT_NM_TX
ANN1143,0.03901674,0.01292152,-0.0424589,-0.0051939,-0.0091366,0.12995989,-0.0624401,UT,Wild,CO_UT_NM,CO_UT_NM_TX
ANN1162,0.02616639,0.0279501,0.02269206,-0.0306541,0.04283808,0.05047828,0.00910041,CO,Wild,CO_UT_NM,CO_UT_NM_TX
ANN1164,0.02095889,0.027196,0.02068069,-0.0300016,0.04062416,0.04531409,0.00711973,CO,Wild,CO_UT_NM,CO_UT_NM_TX
ANN1169,0.03589951,0.03138891,0.02215408,-0.034293,0.04773401,0.06072925,0.01121142,CO,Wild,CO_UT_NM,CO_UT_NM_TX
ANN1296,0.03401078,0.01089071,-0.062847,0.01463587,-0.0417076,0.07869001,-0.0543012,NM,Wild,CO_UT_NM,CO_UT_NM_TX
ANN1297,0.03064681,0.01315957,-0.0502187,0.01075941,-0.038141,0.06704903,-0.0680034,NM,Wild,CO_UT_NM,CO_UT_NM_TX
ANN1300,0.02572103,0.01039299,-0.0492319,0.00819784,-0.0310414,0.05697167,-0.0499636,NM,Wild,CO_UT_NM,CO_UT_NM_TX
ANN1301,0.03657304,0.01544415,-0.0380628,0.01659265,-0.050843,0.11467283,-0.1416789,NM,Wild,CO_UT_NM,CO_UT_NM_TX
ANN1309,0.03352143,0.01637193,-0.0410338,0.0160105,-0.0528699,0.12517369,-0.159368,NM,Wild,CO_UT_NM,CO_UT_NM_TX
ANN1310,0.0408903,0.01644176,-0.0428551,0.02024944,-0.0583527,0.13518646,-0.167978,NM,Wild,CO_UT_NM,CO_UT_NM_TX
HA124,-0.1652625,-0.0212691,-0.0163363,-0.0001361,-0.0003143,0.01274303,0.00386306,Cultivar_HA,Cultivar,Cultivar,Cultivar
HA207,-0.1594068,-0.0232706,-0.0215064,0.00345709,-0.0019769,0.0133742,0.00331433,Cultivar_HA,Cultivar,Cultivar,Cultivar
HA259,-0.1578149,-0.0219355,-0.0167024,0.00347441,-0.0034361,0.00994639,0.00189173,Cultivar_HA,Cultivar,Cultivar,Cultivar
HA314,-0.1611279,-0.0229289,-0.0245455,0.00084731,-0.0012217,0.01804195,-0.0010817,Cultivar_HA,Cultivar,Cultivar,Cultivar
HA316,-0.1586548,-0.0218758,-0.0224413,0.00030638,-0.0003306,0.01593191,-0.0019037,Cultivar_HA,Cultivar,Cultivar,Cultivar
HA323,-0.1600513,-0.0210655,-0.017698,0.00081684,-0.0020285,0.01318775,-0.0065019,Cultivar_HA,Cultivar,Cultivar,Cultivar
HA380,-0.1750334,-0.0231548,-0.0160763,-0.002601,0.00455778,0.01977116,0.02133985,Cultivar_HA,Cultivar,Cultivar,Cultivar
HA404,-0.1707512,-0.0244444,-0.0222837,-0.0016864,0.00530529,0.01938708,0.01211023,Cultivar_HA,Cultivar,Cultivar,Cultivar
HA433,-0.1718953,-0.0232996,-0.0181141,-0.0009373,0.00170527,0.01727865,0.01666304,Cultivar_HA,Cultivar,Cultivar,Cultivar
HA442,-0.1598929,-0.0205501,-0.0135447,0.00103991,-0.0016501,0.01439719,0.02125068,Cultivar_HA,Cultivar,Cultivar,Cultivar
HA821,-0.1695324,-0.0244881,-0.0204501,-0.0012798,0.00467796,0.01734234,0.01150675,Cultivar_HA,Cultivar,Cultivar,Cultivar
HA89,-0.1758313,-0.0228608,-0.0139883,-0.003336,0.00442203,0.01626507,0.02143114,Cultivar_HA,Cultivar,Cultivar,Cultivar
RHA271,-0.167375,-0.0242143,-0.0273684,0.00030228,8.82E-05,0.02663087,0.00920341,Cultivar_RHA,Cultivar,Cultivar,Cultivar
RHA309,-0.1620363,-0.0235002,-0.0255504,-0.0004903,-0.0005187,0.02053389,0.00271284,Cultivar_RHA,Cultivar,Cultivar,Cultivar
RHA310,-0.1653649,-0.0254978,-0.0345965,-0.0002932,0.00165601,0.04367663,-0.0045569,Cultivar_RHA,Cultivar,Cultivar,Cultivar
RHA324,-0.1636432,-0.0247882,-0.0316523,-0.0003536,0.00160669,0.04068854,-0.0025147,Cultivar_RHA,Cultivar,Cultivar,Cultivar
RHA328,-0.1649633,-0.0253587,-0.0350403,-0.0002999,0.00206504,0.04379308,-0.0042437,Cultivar_RHA,Cultivar,Cultivar,Cultivar
RHA354,-0.1666558,-0.0252638,-0.0309655,-0.0008322,0.00121602,0.03857499,-0.0005113,Cultivar_RHA,Cultivar,Cultivar,Cultivar
RHA358,-0.1651242,-0.0234598,-0.0245481,-0.0001483,0.00066787,0.02758478,0.01484418,Cultivar_RHA,Cultivar,Cultivar,Cultivar
RHA362,-0.167764,-0.0244374,-0.0222193,0.00282145,-0.0022046,0.02616506,0.01379371,Cultivar_RHA,Cultivar,Cultivar,Cultivar
RHA397,-0.1638684,-0.0275117,-0.0241892,0.00420213,-0.00432,0.03202483,0.02044737,Cultivar_RHA,Cultivar,Cultivar,Cultivar
RHA408,-0.1694429,-0.0253215,-0.0289334,0.00138436,-0.0008821,0.03575248,0.02393234,Cultivar_RHA,Cultivar,Cultivar,Cultivar
RHA426,-0.1309711,-0.016427,-0.0185613,0.00956291,-0.0102912,0.02498383,0.0208492,Cultivar_RHA,Cultivar,Cultivar,Cultivar
RHA857,-0.1685181,-0.0250114,-0.0270897,0.00148332,0.0008085,0.02731283,0.01375267,Cultivar_RHA,Cultivar,Cultivar,Cultivar
ann01_cwIA,-0.0021094,0.00881213,0.02037028,0.00481438,-0.0042956,-0.0250282,-0.003529,IA,Wild,IA_KS,ENA
ANN1171,0.02327183,0.01507496,0.02725485,0.02550273,-0.0387366,-0.020694,0.02006707,KS,Wild,IA_KS,ENA
ANN1172,0.02865964,0.01990617,0.02868485,0.02755426,-0.0430591,-0.0170552,0.02610099,KS,Wild,IA_KS,ENA
ANN1173,0.02346336,0.01988903,0.0309688,0.02528731,-0.0417851,-0.023742,0.01300312,KS,Wild,IA_KS,ENA
ANN1174,0.02831675,0.01610199,0.03037533,0.02628457,-0.045565,-0.0186456,0.02606082,KS,Wild,IA_KS,ENA
ANN1175,0.01953409,0.0134762,0.02099289,0.02483669,-0.0380598,-0.008821,0.0386063,KS,Wild,IA_KS,ENA
ANN1176,0.02253666,0.02003305,0.03232488,0.02402421,-0.0406563,-0.0164541,0.01699014,KS,Wild,IA_KS,ENA
ANN1177,0.02559379,0.02078027,0.02969026,0.02538363,-0.0400849,-0.0180014,0.0188473,KS,Wild,IA_KS,ENA
ANN1178,0.0251508,0.01875967,0.03079684,0.02662451,-0.0416925,-0.0191722,0.01788904,KS,Wild,IA_KS,ENA
ANN1179,0.02069064,0.01720657,0.02262741,0.02254861,-0.0354121,-0.0117366,0.01687923,KS,Wild,IA_KS,ENA
ANN1180,0.02221414,0.0183094,0.02826309,0.02678637,-0.04224,-0.0176875,0.01863918,KS,Wild,IA_KS,ENA
ANN1181,0.01904498,0.01637347,0.02806896,0.0470683,-0.0808407,-0.0577691,0.05222232,KS,Wild,IA_KS,ENA
ANN1182,0.02096086,0.01439985,0.01869385,0.04804572,-0.0753889,-0.0436015,0.0586858,KS,Wild,IA_KS,ENA
ANN1183,0.02298651,0.01121461,0.02598034,0.05191271,-0.0798661,-0.0430101,0.05689535,KS,Wild,IA_KS,ENA
ANN1184,0.02177222,0.01367734,0.02138159,0.05076942,-0.0775333,-0.0462402,0.05912703,KS,Wild,IA_KS,ENA
ANN1185,0.01713042,0.01532279,0.02623743,0.04551075,-0.0699781,-0.0510715,0.04247225,KS,Wild,IA_KS,ENA
ANN1186,0.01388475,0.01165193,0.02162077,0.0447635,-0.0644458,-0.0428504,0.05504669,KS,Wild,IA_KS,ENA
ANN1187,0.02534452,0.01488442,0.02967882,0.05445609,-0.089562,-0.0593109,0.04960054,KS,Wild,IA_KS,ENA
ANN1188,0.02516844,0.01519208,0.0254515,0.04618729,-0.0746082,-0.0416408,0.04104595,KS,Wild,IA_KS,ENA
ANN1189,0.01680222,0.01382269,0.01979237,0.04632861,-0.0727294,-0.0420555,0.05692638,KS,Wild,IA_KS,ENA
ANN1190,0.02013083,0.01432607,0.0243891,0.04895819,-0.0747713,-0.0525216,0.05011028,KS,Wild,IA_KS,ENA
ANN1191,0.02549432,0.01034648,0.00503305,0.04724583,-0.068545,-0.0015059,0.09171727,KS,Wild,IA_KS,ENA
ANN1192,0.0166259,0.00852229,0.01118376,0.04184175,-0.0588001,-0.0024851,0.07203604,KS,Wild,IA_KS,ENA
ANN1193,0.02913981,0.01160739,0.00398719,0.06419844,-0.0933085,-0.0033013,0.15980342,KS,Wild,IA_KS,ENA
ANN1194,0.01065683,0.01121598,0.00837461,0.03487629,-0.0510826,-0.0076767,0.06813923,KS,Wild,IA_KS,ENA
ANN1195,0.03486644,0.0158066,0.01467814,0.05658907,-0.0865933,-0.0113492,0.11604227,KS,Wild,IA_KS,ENA
ANN1196,0.02337141,0.01134731,0.00385482,0.04224963,-0.0627174,-0.0011557,0.07931155,KS,Wild,IA_KS,ENA
ANN1197,0.02737065,0.01574549,0.0116091,0.04052772,-0.0612459,-0.0067213,0.06215079,KS,Wild,IA_KS,ENA
ANN1198,0.0356855,0.01402802,0.00831745,0.05050695,-0.0741812,-0.0044583,0.08792978,KS,Wild,IA_KS,ENA
ANN1199,0.0290275,0.01342965,0.00849,0.05392455,-0.0806765,-0.0047317,0.12181484,KS,Wild,IA_KS,ENA
ANN1200,0.02118059,0.01266405,0.01395302,0.03593662,-0.0566069,-0.0078669,0.05422368,KS,Wild,IA_KS,ENA
ANN1419,0.01182178,0.02557938,0.07026004,0.00638127,-0.0036272,-0.0848326,-0.0432824,IA,Wild,IA_KS,ENA
ANN1420,0.00600067,0.02233677,0.04826103,0.0007394,0.00072895,-0.0472681,-0.0272308,IA,Wild,IA_KS,ENA
ANN1439,0.01944165,0.0200382,0.0367704,0.01974526,-0.03314,-0.0209494,0.01407764,KS,Wild,IA_KS,ENA
ann34_cwKS,0.00772417,0.00532054,0.00392606,0.00351804,-0.0038441,0.00504023,0.01211321,KS,Wild,IA_KS,ENA
IA1W_1,-0.0019224,0.01695223,0.0435503,0.00149771,0.00093721,-0.0468277,-0.0214789,IA,Wild,IA_KS,ENA
IA1W_11R,0.01437442,0.0261912,0.06023922,0.00404908,-0.0023935,-0.0710698,-0.0363073,IA,Wild,IA_KS,ENA
IA1W_15,0.01453652,0.0245657,0.05725216,0.00486297,-0.0025824,-0.0662895,-0.0298558,IA,Wild,IA_KS,ENA
IA1W_2,0.01817094,0.024825,0.06388934,0.00774585,-0.0074691,-0.0681129,-0.0362963,IA,Wild,IA_KS,ENA
IA1W_21,0.00863969,0.02518618,0.06356162,0.00555056,-0.0019994,-0.0798405,-0.0420825,IA,Wild,IA_KS,ENA
IA1W_28,-0.0018973,0.00869003,0.02492372,0.00090176,0.00051489,-0.0309647,-0.0154778,IA,Wild,IA_KS,ENA
IA1W_33,0.01582687,0.02384215,0.0545878,0.00274942,0.00053956,-0.0551166,-0.02785,IA,Wild,IA_KS,ENA
IA1W_39,0.02166049,0.02533332,0.06194524,0.00525895,-0.0021503,-0.0576535,-0.0282236,IA,Wild,IA_KS,ENA
IA1W_4,0.01749291,0.02534078,0.06735556,0.00753123,-0.0091485,-0.0779094,-0.0401727,IA,Wild,IA_KS,ENA
IA1W_5,0.02195678,0.02560557,0.05801832,0.00330929,0.00050757,-0.0521111,-0.0277785,IA,Wild,IA_KS,ENA
IA2W_14,-0.0019779,0.00798636,0.02049468,0.00393778,-0.0036625,-0.0267394,-0.0072227,IA,Wild,IA_KS,ENA
IA2W_16,0.00415779,0.01577946,0.04079871,0.01561972,-0.0189034,-0.0504658,-0.0090773,IA,Wild,IA_KS,ENA
IA2W_17,-0.0011029,0.01110809,0.02599037,0.00691727,-0.0104104,-0.0303251,-0.007349,IA,Wild,IA_KS,ENA
IA2W_29,-0.0005448,0.01588554,0.03732875,0.00888635,-0.0117067,-0.0439444,-0.0156313,IA,Wild,IA_KS,ENA
IA2W_37,-0.0014279,0.00971884,0.02615114,0.00582868,-0.0061799,-0.0298761,-0.0092191,IA,Wild,IA_KS,ENA
IA2W_37R,-0.0054488,0.01210214,0.0271613,0.00754542,-0.0078612,-0.0293173,-0.0105146,IA,Wild,IA_KS,ENA
IA2W_38,0.0065131,0.01786599,0.03723208,0.01453169,-0.0171674,-0.0498621,0.00180909,IA,Wild,IA_KS,ENA
IA2W_39,0.00248382,0.01573088,0.03506923,0.00948009,-0.0145254,-0.040933,-0.0093496,IA,Wild,IA_KS,ENA
IA2W_6,-0.0095067,0.01081264,0.02462027,0.00254111,-0.0040497,-0.0258403,-0.0046398,IA,Wild,IA_KS,ENA
IA2W_7,0.00689489,0.02176973,0.04758426,0.01259502,-0.0171674,-0.053565,-0.0193416,IA,Wild,IA_KS,ENA
KS1W_19,0.00884165,0.01649856,0.02864666,0.01263874,-0.019276,-0.0171009,0.008084,KS,Wild,IA_KS,ENA
KS1W_2,0.00074717,0.02467995,0.05386421,-0.0296591,0.05278641,-0.0181106,-0.0295303,KS,Wild,IA_KS,ENA
KS1W_24,0.02865292,0.02261741,0.04395038,0.03022305,-0.0500215,-0.0298642,0.03671799,KS,Wild,IA_KS,ENA
KS1W_26,0.00341102,0.01339586,0.01896803,0.01157488,-0.0189952,-0.0130572,0.01170277,KS,Wild,IA_KS,ENA
KS1W_27,0.0295679,0.02033189,0.03126226,0.02586585,-0.0398426,-0.0159829,0.03607489,KS,Wild,IA_KS,ENA
KS1W_29,0.01565814,0.01815793,0.03163809,0.01570027,-0.026513,-0.0183858,0.01433817,KS,Wild,IA_KS,ENA
KS1W_3,0.02716266,0.01826513,0.02763893,0.0228303,-0.0376856,-0.0165942,0.01911709,KS,Wild,IA_KS,ENA
KS1W_32,0.03214351,0.0243373,0.04208616,0.01837188,-0.0343328,-0.0205048,0.00272758,KS,Wild,IA_KS,ENA
KS1W_35,0.02979559,0.02199278,0.03317491,0.01551066,-0.0240456,-0.0180299,0.00050314,KS,Wild,IA_KS,ENA
KS1W_40,-0.0017834,0.00874088,0.01264033,0.00497062,-0.0083995,-0.0075144,0.0034804,KS,Wild,IA_KS,ENA
KS1W_9,0.02479887,0.02220036,0.03392355,0.02044421,-0.0348158,-0.0188498,0.01756961,KS,Wild,IA_KS,ENA
KS2W_12,0.01371003,0.01268638,0.01946859,0.01029437,-0.0168641,-0.0006689,0.01484595,KS,Wild,IA_KS,ENA
KS2W_14,0.00206363,0.01503286,0.03435107,0.00189791,0.00168895,-0.0289269,-0.0119205,KS,Wild,IA_KS,ENA
KS2W_15,0.0291971,0.02207019,0.03038143,0.01282929,-0.0202945,-0.0090977,0.01325308,KS,Wild,IA_KS,ENA
KS2W_15R,-0.0039773,0.00743749,0.01759704,0.01059677,-0.0156203,-0.0231241,0.00161736,KS,Wild,IA_KS,ENA
KS2W_24,0.02865242,0.02260405,0.04397503,0.0302073,-0.0500553,-0.0298831,0.03676276,KS,Wild,IA_KS,ENA
KS2W_32,0.03306929,0.02078789,0.02916607,0.01755505,-0.0242141,0.00161958,0.01639556,KS,Wild,IA_KS,ENA
KS2W_35,0.03161506,0.02949477,0.05366185,-0.0194168,0.0343919,-0.0214339,-0.020597,KS,Wild,IA_KS,ENA
KS2W_6,0.03315405,0.02277661,0.02818756,0.01342859,-0.0231983,-0.0043701,0.00853776,KS,Wild,IA_KS,ENA
KS2W_6_1R,0.02177851,0.02075406,0.0362146,0.01498892,-0.0197955,-0.0138874,0.00100819,KS,Wild,IA_KS,ENA
KS2W_8,0.02955707,0.02208092,0.03444699,0.01585505,-0.0277616,-0.0129228,0.00878082,KS,Wild,IA_KS,ENA
KS2W_9,0.01397644,0.01458045,0.02147921,0.00792563,-0.0133889,-0.0053224,0.01118508,KS,Wild,IA_KS,ENA
ANN1501,0.004721,0.02047833,0.04671935,-0.0425207,0.07766529,-0.0198909,-0.0417062,SK,Wild,MB_SK,ENA
ann28_swSK,-0.0014687,0.00386044,0.00624126,-0.0086996,0.01331495,-0.0002406,-0.0027673,SK,Wild,MB_SK,ENA
MB1W_11,0.00400798,0.0128582,0.02622668,-0.0228846,0.03924183,-0.0123088,-0.0217878,MB,Wild,MB_SK,ENA
MB1W_14,0.01023492,0.01906541,0.042357,-0.0322522,0.05800388,-0.0198285,-0.0339471,MB,Wild,MB_SK,ENA
MB1W_16,0.01400264,0.0324209,0.07033554,-0.0594378,0.10797826,-0.0330019,-0.0724263,MB,Wild,MB_SK,ENA
MB1W_16B,0.02465795,0.03757316,0.08281536,-0.0717591,0.13105262,-0.0400725,-0.0955965,MB,Wild,MB_SK,ENA
MB1W_20,0.01536511,0.02677504,0.05941806,-0.04779,0.08609021,-0.0259591,-0.0538251,MB,Wild,MB_SK,ENA
MB1W_30,0.01282509,0.0236289,0.05311096,-0.0427225,0.07775398,-0.0257645,-0.0543183,MB,Wild,MB_SK,ENA
MB1W_31,0.01697212,0.02739048,0.06406577,-0.0520974,0.09765315,-0.0327714,-0.0716954,MB,Wild,MB_SK,ENA
MB1W_39,0.01780294,0.03093823,0.06816317,-0.0551296,0.09809018,-0.03631,-0.0751542,MB,Wild,MB_SK,ENA
MB1W_40,0.00776627,0.03355565,0.07376509,-0.0644727,0.11305564,-0.0334443,-0.0795595,MB,Wild,MB_SK,ENA
MB1W_8,0.02084493,0.03228242,0.0622259,-0.0547832,0.09949556,-0.0258095,-0.0596199,MB,Wild,MB_SK,ENA
SK1W_1,-0.0004193,0.01074411,0.02461734,0.01883696,-0.0285074,-0.0395511,0.0067685,SK,Wild,MB_SK,ENA
SK1W_15,0.00932904,0.01962742,0.04634078,-0.0110346,0.02127795,-0.0346106,-0.0193754,SK,Wild,MB_SK,ENA
SK1W_22,0.01654143,0.03528058,0.07567259,-0.0682824,0.1236229,-0.031794,-0.0652128,SK,Wild,MB_SK,ENA
SK1W_22R,0.01740192,0.03503333,0.07336079,-0.0600264,0.1090204,-0.0301427,-0.0609666,SK,Wild,MB_SK,ENA
SK1W_25,0.00901734,0.01858414,0.03818606,-0.0321881,0.05674062,-0.0133582,-0.0339581,SK,Wild,MB_SK,ENA
SK1W_29,0.01622891,0.02948611,0.06142481,-0.0570816,0.10258289,-0.0252607,-0.0607801,SK,Wild,MB_SK,ENA
SK1W_29R,0.03483127,0.04051324,0.08395582,-0.0732891,0.13402398,-0.0312614,-0.0884352,SK,Wild,MB_SK,ENA
SK1W_36,0.01374671,0.02781654,0.05891628,-0.0533391,0.09171739,-0.0195368,-0.0546112,SK,Wild,MB_SK,ENA
SK1W_37,0.01480089,0.03341154,0.06579095,-0.058509,0.10468381,-0.0258779,-0.0587069,SK,Wild,MB_SK,ENA
SK1W_Q,0.01451419,0.02733773,0.05988618,-0.0488244,0.0922054,-0.0205538,-0.0557318,SK,Wild,MB_SK,ENA
annMex_A1516,-0.0026417,0.00290147,-0.0414843,-0.0097988,0.00245561,-0.0233475,0.00522204,mexWild,mexWild,mexWild,mexWild
annMex_A1517,-0.017309,-0.0021692,-0.0522618,-0.0076998,-0.0025455,-0.0191964,0.0059136,mexWild,mexWild,mexWild,mexWild
annMex_A1572,0.00694853,0.00198556,-0.0505148,-0.0037617,-0.0092107,-0.0126989,-0.006335,mexWild,mexWild,mexWild,mexWild
annMex_A1574,-0.0395256,-0.0044564,-0.0247075,-0.00292,-0.0025169,-0.0075493,-0.0018793,mexWild,mexWild,mexWild,mexWild
annMex_Ann261,-0.0029877,0.00082339,-0.0410231,-0.0025586,-0.0059226,-0.0104819,0.00039327,mexWild,mexWild,mexWild,mexWild
MO1W_11,-0.0031722,0.00976395,0.02030392,0.01364543,-0.0196084,-0.0280942,-0.0026041,MO,Wild,MO,ENA
MO1W_15,-0.0032539,0.00622816,0.01495456,0.0116042,-0.0164882,-0.0201662,0.00241322,MO,Wild,MO,ENA
MO1W_16,0.0040708,0.01353352,0.02731803,0.02757816,-0.0410376,-0.0444583,0.00766238,MO,Wild,MO,ENA
MO1W_2,-0.0029881,0.00881203,0.01970805,0.01647694,-0.0258693,-0.0282783,0.00623728,MO,Wild,MO,ENA
MO1W_2R,-0.0006381,0.01265904,0.03016355,-0.0065162,0.01570006,-0.0245747,-0.0131772,MO,Wild,MO,ENA
MO1W_3,0.00792442,0.01547818,0.03436577,0.02824491,-0.0393408,-0.0499262,-0.0014354,MO,Wild,MO,ENA
MO1W_33,-0.002415,0.01355883,0.03184926,0.02352734,-0.0317285,-0.0440476,0.00596501,MO,Wild,MO,ENA
MO1W_38,0.0168118,0.02458676,0.0529947,0.00905297,-0.0112803,-0.0563913,-0.0265901,MO,Wild,MO,ENA
MO1W_39,0.01194703,0.01355139,0.00905672,0.00425843,-0.0082505,0.00505706,0.01465268,MO,Wild,MO,ENA
MO1W_7,-0.0035638,0.0100376,0.02390131,0.01692911,-0.0271369,-0.0315189,0.00194241,MO,Wild,MO,ENA
ann29_neSD,0.00473675,0.01237387,0.02504245,-0.0153419,0.02525883,-0.0115064,-0.0103641,SD,Wild,ND_SD,ENA
ND1W_12,0.01257889,0.02617065,0.044784,-0.0380779,0.06682563,-0.0126377,-0.0271043,ND,Wild,ND_SD,ENA
ND1W_20,0.00379939,0.01731645,0.03831798,0.0051885,-0.0041743,-0.0411354,-0.0180777,ND,Wild,ND_SD,ENA
ND1W_22,0.00238795,0.00960876,0.0184125,-0.0152339,0.02484999,-0.0062497,-0.0072656,ND,Wild,ND_SD,ENA
ND1W_25,0.00385499,0.01732704,0.03300884,-0.0254542,0.04541477,-0.0074025,-0.0088353,ND,Wild,ND_SD,ENA
ND1W_27,0.01506698,0.02947111,0.0501961,-0.0446135,0.08000439,-0.0134089,-0.020391,ND,Wild,ND_SD,ENA
ND1W_31,0.00719395,0.01939314,0.03576129,-0.0262791,0.04787624,-0.0125446,-0.0057665,ND,Wild,ND_SD,ENA
ND1W_33,0.01055428,0.0189573,0.03299886,-0.0291441,0.05156659,-0.0096825,-0.0126538,ND,Wild,ND_SD,ENA
ND1W_36,0.00638616,0.0172564,0.03058496,-0.023624,0.0417066,-0.0093294,-0.0130728,ND,Wild,ND_SD,ENA
ND1W_38,0.02037162,0.03401212,0.06137409,-0.0464672,0.08428053,-0.0216463,-0.0327591,ND,Wild,ND_SD,ENA
ND1W_6,-0.0665363,1.38E-05,0.00789181,0.00131933,0.00085131,0.00290196,0.00394295,ND,Wild,ND_SD,ENA
SD1W_13,0.02904121,0.01927067,0.02218991,0.02152937,-0.0348065,-0.0047835,0.02111906,SD,Wild,ND_SD,ENA
SD1W_14,-0.0050211,0.01343109,0.0323828,0.00215463,-0.0023288,-0.0303206,-0.0118973,SD,Wild,ND_SD,ENA
SD1W_15,-0.0287483,0.01718092,0.04604807,-0.0260442,0.04817217,-0.0160798,-0.0216949,SD,Wild,ND_SD,ENA
SD1W_20,0.01420756,0.02963782,0.05738632,-0.0320275,0.05858351,-0.0257569,-0.0265577,SD,Wild,ND_SD,ENA
SD1W_21,0.01020105,0.02026149,0.03781434,-0.0228022,0.04335301,-0.0180012,-0.0155629,SD,Wild,ND_SD,ENA
SD1W_21B,-0.0031341,0.01166409,0.02798588,-0.0062667,0.01154514,-0.0198936,-0.0127365,SD,Wild,ND_SD,ENA
SD1W_35,0.01036027,0.01702692,0.01951534,0.00424333,-0.007763,-0.000421,0.0094938,SD,Wild,ND_SD,ENA
SD1W_4,0.01823999,0.03152686,0.05827128,-0.0320663,0.06145173,-0.0250335,-0.020359,SD,Wild,ND_SD,ENA
SD1W_6,0.00707666,0.0212399,0.04237302,-0.0233237,0.0395298,-0.0167002,-0.0141398,SD,Wild,ND_SD,ENA
SD2W_14,0.01172201,0.01777289,0.04381603,-0.0086352,0.02638336,-0.0304733,-0.0162485,SD,Wild,ND_SD,ENA
SD2W_15,0.01111434,0.02081533,0.05091429,-0.0143863,0.02928233,-0.0356223,-0.030843,SD,Wild,ND_SD,ENA
SD2W_18,0.01081942,0.02706861,0.05970836,-0.0152454,0.03058926,-0.045407,-0.0346129,SD,Wild,ND_SD,ENA
SD2W_19,0.00724018,0.01835095,0.03760224,-0.0117878,0.02364346,-0.0269941,-0.0197158,SD,Wild,ND_SD,ENA
SD2W_21,0.00867261,0.01861137,0.04674655,-0.0103108,0.02242394,-0.0345568,-0.0230679,SD,Wild,ND_SD,ENA
SD2W_23,0.01486792,0.02713083,0.06777427,-0.0123443,0.02696048,-0.0602442,-0.0447667,SD,Wild,ND_SD,ENA
SD2W_23R,-0.0016229,0.01301168,0.03088978,0.00224473,-0.0022528,-0.030358,-0.010274,SD,Wild,ND_SD,ENA
SD2W_27,0.02402419,0.03054726,0.06365524,-0.0185481,0.03604613,-0.0413677,-0.0360144,SD,Wild,ND_SD,ENA
SD2W_30,0.00231966,0.01332072,0.02766051,-0.0004606,0.00127546,-0.0260475,-0.0095053,SD,Wild,ND_SD,ENA
SD2W_38,-0.0370652,0.00769667,0.01795979,-0.021288,0.03623248,0.0003438,-0.008334,SD,Wild,ND_SD,ENA
SD2W_40,0.00543455,0.01664907,0.03794077,-0.0094382,0.01603764,-0.025035,-0.0185685,SD,Wild,ND_SD,ENA
SD2W_5,0.00567818,0.01271189,0.03026438,-0.0074232,0.0163376,-0.0208791,-0.0133971,SD,Wild,ND_SD,ENA
NIV1468,0.00437187,-0.0323014,0.00450023,-0.0108471,-0.0030101,-0.0007974,0.00034255,niveus,niveus,niveus,niveus
NIV1487,0.00534572,-0.0434726,0.00615522,-0.014654,-0.0044167,-0.0014841,0.00069323,niveus,niveus,niveus,niveus
PET0654,0.05517142,-0.2845127,0.03973057,-0.1022655,-0.0356648,-0.0043276,0.00169527,niveus,niveus,niveus,niveus
PET0712,0.05740249,-0.2930102,0.04053995,-0.1026899,-0.0357305,-0.0043221,0.00093087,niveus,niveus,niveus,niveus
PET0732,0.05529146,-0.2864369,0.03995393,-0.101067,-0.0351008,-0.0057654,0.00195903,niveus,niveus,niveus,niveus
ANN1201,0.02130875,0.01448773,0.02292614,0.05150829,-0.0784348,-0.0403481,0.05848305,OK,Wild,OK,ENA
ANN1202,0.02517548,0.0127598,0.0248219,0.05346555,-0.0843003,-0.0378802,0.06149656,OK,Wild,OK,ENA
ANN1203,0.02797363,0.01560538,0.01868804,0.04062586,-0.0661454,-0.0193369,0.03360075,OK,Wild,OK,ENA
ANN1204,0.02514063,0.01580663,0.027343,0.04951797,-0.0826528,-0.0450933,0.04687279,OK,Wild,OK,ENA
ANN1205,0.02491837,0.01237724,0.01646384,0.04499634,-0.0710717,-0.0198593,0.0489245,OK,Wild,OK,ENA
ANN1206,0.02570294,0.01336756,0.02301551,0.05504752,-0.0877896,-0.0298995,0.06016807,OK,Wild,OK,ENA
ANN1207,0.02052908,0.01451638,0.01484754,0.03682384,-0.0586513,-0.0219646,0.03627636,OK,Wild,OK,ENA
ANN1208,0.02043029,0.0138721,0.02843409,0.0504441,-0.0801603,-0.0391152,0.0553744,OK,Wild,OK,ENA
ANN1209,0.02319892,0.01435105,0.01242583,0.03569967,-0.0514241,-0.0121565,0.02338343,OK,Wild,OK,ENA
ANN1210,0.01696092,0.01336079,0.01470637,0.03811801,-0.054606,-0.0216637,0.03839492,OK,Wild,OK,ENA
PET0316,0.06024942,-0.2861042,0.03818131,-0.0921242,-0.0339061,0.00095068,-0.0009426,fallax,petiolaris,petiolaris,petiolaris
PET0372,0.06056585,-0.3040015,0.04618671,-0.1117541,-0.0396265,0.00237758,-0.0005386,fallax,petiolaris,petiolaris,petiolaris
PET0473N,0.06038607,-0.2995814,0.0491292,-0.1094704,-0.0391628,0.00262438,0.00139587,petiolaris,petiolaris,petiolaris,petiolaris
PET0532,0.05933297,-0.2944411,0.04863823,-0.1077941,-0.0401725,0.00187875,0.00307325,petiolaris,petiolaris,petiolaris,petiolaris
PET0580,0.06143928,-0.2999541,0.04798984,-0.1092301,-0.0403364,0.00225335,0.00204679,petiolaris,petiolaris,petiolaris,petiolaris
PET0636,0.06095245,-0.304248,0.04551968,-0.1119741,-0.0407376,7.48E-05,-0.0014348,fallax,petiolaris,petiolaris,petiolaris
Anzac_Pueblo,-0.1102238,-0.0125399,-0.0083028,9.02E-05,-0.0010787,-0.0058153,-0.008251,TV_other,TV,TV,TV
Arikara,-0.0759069,-0.0050169,0.00156464,-0.0027444,0.00307092,-0.0087032,-0.0074717,TV_other,TV,TV,TV
Havasupai,-0.0469523,0.00480055,0.01908342,0.01682576,-0.0324211,-0.0788795,-0.1031886,TV_SW,TV,TV,TV
Hidatsa,-0.1104583,-0.0134261,-0.0099287,-0.0006667,0.00011982,0.00136733,-0.0014072,TV_other,TV,TV,TV
Hopi_dye_NEW,-0.0323297,0.00693093,0.02239193,0.01906443,-0.0346332,-0.0879435,-0.1085827,TV_SW,TV,TV,TV
Hopi_mapping_NEW,-0.0425639,0.00600531,0.02570321,0.02471307,-0.0466422,-0.1006426,-0.1357729,TV_SW,TV,TV,TV
Hopi_real_NEW,-0.0676671,-0.0001383,0.01532738,0.01756968,-0.0357504,-0.0757271,-0.1062342,TV_SW,TV,TV,TV
Laguna_Pueblo,-0.130383,-0.0177819,-0.0138266,-0.0013975,0.00201971,0.00948916,0.0029727,TV_other,TV,TV,TV
Mandan1_PPN046,-0.1508493,-0.0197628,-0.0149926,0.00114125,-0.0037614,0.00591232,-0.0004065,TV_other,TV,TV,TV
Mandan2,-0.128068,-0.0163625,-0.0136534,-0.0001263,-0.0011951,0.00300085,0.00264422,TV_other,TV,TV,TV
MexCult1,-0.0565881,-0.0064913,-0.0018005,0.00078424,-0.0009619,-0.0025913,-0.0028674,TV_MX,TV,TV,TV
MexCult14,-0.0218578,-0.0029414,-0.0022492,-0.0002716,0.00055922,0.00204215,0.00026412,TV_MX,TV,TV,TV
MexCult15,-0.0113891,-0.001151,-0.0001485,0.00015783,-0.0005428,-0.0004806,-0.0001578,TV_MX,TV,TV,TV
MexCult3,-0.0451149,-0.0031114,0.00095508,0.00229619,-0.0036978,-0.010534,-0.011972,TV_MX,TV,TV,TV
MexCult6,-0.0361945,-0.0031283,-0.0042498,0.00112182,-0.0021355,-0.0081028,-0.0082656,TV_MX,TV,TV,TV
MexCult7,-0.0546461,-0.0077015,-0.0068399,-0.0003553,0.00137752,0.0074207,0.0009771,TV_MX,TV,TV,TV
MexCult9,-0.0241528,-0.0013245,0.00116325,0.00132718,-0.0011763,-0.0066131,-0.0061016,TV_MX,TV,TV,TV
Pueblo,-0.1188069,-0.013375,-0.0093969,-0.0007947,-9.84E-05,-0.0033246,-0.0050916,TV_other,TV,TV,TV
Seneca,-0.0356373,-0.0029816,0.00071406,-0.0004516,-0.0005314,-0.0059116,-0.0065471,TV_other,TV,TV,TV
Zuni,-0.1100079,-0.0144499,-0.0095316,-0.0008242,0.00036122,0.00202951,-0.0027642,TV_other,TV,TV,TV
Ari_Broad,-0.0496766,0.00025967,0.00581839,-0.0069343,0.01200104,-0.0076559,-0.0062172,TV_ethnographic,TV_ethnographic,TV_ethnographic,TV_ethnographic
Ari_Man,-0.0159294,0.01069022,0.02416895,-0.0079707,0.01336939,-0.0232332,-0.0133685,TV_ethnographic,TV_ethnographic,TV_ethnographic,TV_ethnographic
Paiute,-0.0089794,0.00024943,-0.0030492,0.00223205,-0.0057202,-0.0098837,-0.0109683,TV_ethnographic,TV_ethnographic,TV_ethnographic,TV_ethnographic
Se_Purp,-0.0408901,0.00215395,0.00909021,-0.0089894,0.01422772,-0.0052224,-0.0086695,TV_ethnographic,TV_ethnographic,TV_ethnographic,TV_ethnographic
Se_Strip_682a,-0.0197159,0.0080472,0.01782882,-0.0109773,0.02232233,-0.0075667,-0.0098007,TV_ethnographic,TV_ethnographic,TV_ethnographic,TV_ethnographic
Seneca_137749,-0.0759075,-0.0045854,0.0032177,0.00123102,-0.0020791,-0.0117096,-0.0079528,TV_ethnographic,TV_ethnographic,TV_ethnographic,TV_ethnographic
ANN1216,0.02616539,0.00025865,-0.0080728,0.04649505,-0.062374,-0.003111,0.04589849,TX,Wild,TX,CO_UT_NM_TX
ANN1218,0.03001528,0.00172969,-0.0049323,0.05196571,-0.0668217,-0.0056128,0.04430901,TX,Wild,TX,CO_UT_NM_TX
ANN1219,0.02705328,0.00167083,-0.0038165,0.05066707,-0.0635631,-0.0117751,0.03662689,TX,Wild,TX,CO_UT_NM_TX
ANN1311,0.03516212,0.006043,-0.0399163,0.04686322,-0.0744267,0.06714407,0.0214474,TX,Wild,TX,CO_UT_NM_TX
ANN1316,0.03703334,0.0050925,-0.0443655,0.04880871,-0.0753437,0.07488362,0.02279177,TX,Wild,TX,CO_UT_NM_TX
ANN1319,0.03854976,0.00545904,-0.0430037,0.04662478,-0.0723217,0.0689991,0.02298391,TX,Wild,TX,CO_UT_NM_TX
ANN1322,0.03159085,0.00357854,-0.0232267,0.03709979,-0.0582145,0.04026247,0.00969558,TX,Wild,TX,CO_UT_NM_TX
ANN1328,0.03061038,0.00546617,-0.027645,0.0384668,-0.0576439,0.03823545,0.01449654,TX,Wild,TX,CO_UT_NM_TX
ANN1330,0.03220948,0.00382956,-0.033312,0.0392147,-0.0544409,0.04476489,0.02235489,TX,Wild,TX,CO_UT_NM_TX
ANN1331,0.03250122,-0.0085244,-0.0214972,0.0633377,-0.0594034,0.00599027,0.04226775,TX_texanus,TX_texanus,TX_texanus,TX_texanus
ANN1341,0.03143145,-0.0150957,-0.0225744,0.0866075,-0.0350764,0.00604513,0.03906491,TX_texanus,TX_texanus,TX_texanus,TX_texanus
ANN1407,0.02687904,-0.0078759,-0.0233673,0.05416606,-0.0468337,0.01056745,0.03595308,TX_texanus,TX_texanus,TX_texanus,TX_texanus
ann06_seWY,-0.0094169,-0.0002967,0.00138255,-0.001524,0.00232122,0.00137558,0.00144892,WY,Wild,WY,ENA
ANN1151,0.02651225,0.03487341,0.04972841,-0.0669917,0.11697324,0.13224231,0.18798224,WY,Wild,WY,ENA
ANN1152,0.02712274,0.03192551,0.04469584,-0.0712909,0.1213765,0.15907254,0.2277975,WY,Wild,WY,ENA
ANN1153,0.02386929,0.02881406,0.0418019,-0.062926,0.11437919,0.15131141,0.2351139,WY,Wild,WY,ENA
ANN1154,0.0289413,0.02734768,0.04982173,-0.060003,0.11345388,0.15615934,0.25108218,WY,Wild,WY,ENA
ANN1155,0.02207261,0.03199841,0.04044005,-0.0603135,0.10445655,0.11809618,0.16334327,WY,Wild,WY,ENA
ANN1156,0.02144933,0.02642491,0.03633294,-0.0495262,0.0895681,0.11737917,0.17314925,WY,Wild,WY,ENA
ANN1157,0.01364063,0.02578466,0.03507688,-0.049139,0.08532024,0.09780552,0.14157859,WY,Wild,WY,ENA
ANN1159,0.01925805,0.02641498,0.036376,-0.0567892,0.10385209,0.13527188,0.21490053,WY,Wild,WY,ENA
ANN1160,0.02810039,0.03415033,0.04085467,-0.0675202,0.12466342,0.1613427,0.25840279,WY,Wild,WY,ENA