sampleName,PC1,PC2,PC3,PC4,PC5,PC6,PC7,PopBasic,Pop,PopReduced,PopReducedReduced
ann04_nwAR,0.00244788,-0.0145762,0.01454775,-0.0175531,0.00386284,-0.013091,-0.0003981,Wild,AR,AR_IL_NB,ENA
ANN0908,-0.0293073,0.11926782,0.00799558,-0.0055464,0.02851968,-0.0071739,-0.0915115,Wild,AZ,CA_AZ_NV,CA_AZ_NV
ANN0918,-0.0398717,0.12587629,0.02195206,0.00068892,0.0108143,0.01145466,-0.084841,Wild,AZ,CA_AZ_NV,CA_AZ_NV
ANN0927,-0.0407507,0.14950289,0.01841785,-0.0408334,0.0218324,0.006179,-0.1982519,Wild,AZ,CA_AZ_NV,CA_AZ_NV
ANN0931,-0.034049,0.07187752,0.01612075,0.0395003,0.06148458,-0.0312436,-0.0319585,Wild,AZ,CA_AZ_NV,CA_AZ_NV
ANN0946,-0.0387906,0.07405567,0.03543441,0.02829875,0.01510467,0.00261596,-0.0464394,Wild,AZ,CA_AZ_NV,CA_AZ_NV
ANN1268,-0.0397231,0.14775068,0.0253667,-0.037536,0.03253436,0.00950541,-0.2535686,Wild,AZ,CA_AZ_NV,CA_AZ_NV
ANN1273,-0.0414899,0.1502841,0.03189654,-0.0300603,0.02979644,0.01361891,-0.2836002,Wild,AZ,CA_AZ_NV,CA_AZ_NV
ANN1284,-0.0397895,0.14960846,0.02637815,-0.0387112,0.0299261,0.01230227,-0.2405059,Wild,AZ,CA_AZ_NV,CA_AZ_NV
ANN0810,-0.0364541,0.18648205,-0.060807,-0.1193818,-0.0329578,-0.0069396,-0.0211184,Wild,CA,CA_AZ_NV,CA_AZ_NV
ANN0820,-0.0428911,0.23219144,-0.0743774,-0.1533879,-0.0320786,-0.0083291,-0.0827092,Wild,CA,CA_AZ_NV,CA_AZ_NV
ANN0830,-0.0432496,0.22408465,-0.0693869,-0.1411453,-0.0298961,-0.0143514,-0.0847632,Wild,CA,CA_AZ_NV,CA_AZ_NV
ANN0835,-0.0477901,0.22343108,-0.0822706,-0.1315774,-0.0345194,-0.0046975,-0.0220483,Wild,CA,CA_AZ_NV,CA_AZ_NV
ANN0849,-0.0449207,0.22047784,-0.0681144,-0.1333566,-0.0271326,-0.0126925,-0.067896,Wild,CA,CA_AZ_NV,CA_AZ_NV
ANN0854,-0.0497212,0.23515187,-0.0785641,-0.1496615,-0.0395445,-0.0090205,-0.0437456,Wild,CA,CA_AZ_NV,CA_AZ_NV
ANN0867,-0.0490713,0.14919917,-0.1458328,-0.0768145,-0.0603259,0.0024105,0.29149629,Wild,CA,CA_AZ_NV,CA_AZ_NV
ANN0874,-0.045566,0.14033642,-0.1387558,-0.0739832,-0.0446468,0.00041779,0.25698787,Wild,CA,CA_AZ_NV,CA_AZ_NV
ANN0880,-0.0428779,0.13156786,-0.134221,-0.0703074,-0.0525639,0.00582941,0.26419496,Wild,CA,CA_AZ_NV,CA_AZ_NV
ANN0882,-0.0406797,0.15149503,-0.0927835,-0.0753266,-0.0590623,0.00241344,0.17973866,Wild,CA,CA_AZ_NV,CA_AZ_NV
ANN0898,-0.0410741,0.1415309,-0.086542,-0.0795218,-0.0505751,0.00807396,0.16331453,Wild,CA,CA_AZ_NV,CA_AZ_NV
ANN1260,-0.0389392,0.21614698,-0.067254,-0.136293,-0.0354835,-0.0145283,-0.0506216,Wild,CA,CA_AZ_NV,CA_AZ_NV
ANN0992,-0.0393715,0.01184943,0.01749425,0.13542348,0.04007392,0.01757099,0.18631375,Wild,CO,CO_UT_NM,CO_UT_NM_TX
ANN0996,-0.0405173,0.01293766,0.01943682,0.13930363,0.02572117,0.01634145,0.1947702,Wild,CO,CO_UT_NM,CO_UT_NM_TX
ANN0997,-0.0402492,0.0132697,0.02223772,0.13106113,0.02536216,0.01837048,0.18981861,Wild,CO,CO_UT_NM,CO_UT_NM_TX
ANN1002,-0.0349979,0.0214251,0.00104435,0.11220782,0.0749304,-0.0092231,0.04050112,Wild,CO,CO_UT_NM,CO_UT_NM_TX
ANN1003,-0.0349992,0.01591106,-0.0039785,0.11862674,0.07437632,-0.0027703,0.04545422,Wild,CO,CO_UT_NM,CO_UT_NM_TX
ANN1004,-0.037327,0.02634958,0.00381509,0.11520122,0.07634485,-0.0081551,0.0507518,Wild,CO,CO_UT_NM,CO_UT_NM_TX
ANN1011,-0.0449256,0.03646783,-0.0042746,0.13767877,0.06386246,-0.0069247,0.07338448,Wild,CO,CO_UT_NM,CO_UT_NM_TX
ANN1012,-0.0439979,0.03227312,0.00310019,0.14520753,0.05820167,-0.009681,0.06810079,Wild,CO,CO_UT_NM,CO_UT_NM_TX
ANN1019,-0.0400654,0.02837916,0.00320839,0.13070035,0.07132943,-0.0037593,0.07455636,Wild,CO,CO_UT_NM,CO_UT_NM_TX
ANN1162,-0.0299353,-0.023362,-0.0561327,0.04924533,-0.0117217,-0.0049557,0.02412507,Wild,CO,CO_UT_NM,CO_UT_NM_TX
ANN1164,-0.0243827,-0.0218435,-0.0526928,0.0453319,-0.0093225,-0.0042722,0.01786325,Wild,CO,CO_UT_NM,CO_UT_NM_TX
ANN1169,-0.0400997,-0.0242558,-0.0629233,0.06019641,-0.0143462,-0.0067286,0.03201023,Wild,CO,CO_UT_NM,CO_UT_NM_TX
HA124,0.16802224,0.01878145,-0.000992,0.01279061,-0.0056613,0.01942471,-0.0014382,Cultivar,Cultivar_HA,Cultivar,Cultivar
HA207,0.16191854,0.02300047,0.00347908,0.0142231,-0.0038962,-0.0032126,-2.41E-05,Cultivar,Cultivar_HA,Cultivar,Cultivar
HA259,0.16032382,0.01780798,0.00419236,0.01058603,-0.0018943,0.00100735,-0.0006632,Cultivar,Cultivar_HA,Cultivar,Cultivar
HA314,0.16407094,0.02566313,0.00116287,0.01799632,2.77E-05,-0.0027646,0.01297235,Cultivar,Cultivar_HA,Cultivar,Cultivar
HA316,0.16095157,0.0237553,0.00049513,0.01484116,0.00085488,-0.0036545,0.01003545,Cultivar,Cultivar_HA,Cultivar,Cultivar
HA323,0.16276707,0.01957671,0.00110964,0.01306102,0.00578404,-0.0087269,0.0127843,Cultivar,Cultivar_HA,Cultivar,Cultivar
HA380,0.17836557,0.01890822,-0.006158,0.01844504,-0.0210246,0.06048407,-0.0143958,Cultivar,Cultivar_HA,Cultivar,Cultivar
HA404,0.173676,0.02499486,-0.0050889,0.01852807,-0.0124214,0.02068276,-0.0059924,Cultivar,Cultivar_HA,Cultivar,Cultivar
HA433,0.17515128,0.02048061,-0.0034121,0.01631839,-0.0163193,0.04222587,-0.0125458,Cultivar,Cultivar_HA,Cultivar,Cultivar
HA442,0.16232966,0.01566329,0.00107596,0.01394361,-0.0206061,0.04611339,-0.0144345,Cultivar,Cultivar_HA,Cultivar,Cultivar
HA821,0.17202201,0.02305529,-0.0044815,0.01657856,-1.19E-02,0.01583489,-0.0071471,Cultivar,Cultivar_HA,Cultivar,Cultivar
HA89,0.17904333,0.01666768,-0.0066192,0.0153329,-0.0209107,0.05742321,-0.0195613,Cultivar,Cultivar_HA,Cultivar,Cultivar
RHA271,0.17025308,0.02946009,0.00014588,0.02529717,-0.0107891,0.03397559,-0.0002981,Cultivar,Cultivar_RHA,Cultivar,Cultivar
RHA309,0.16490296,0.02744898,-0.000252,0.01962696,-0.0039434,0.011797,0.00992305,Cultivar,Cultivar_RHA,Cultivar,Cultivar
RHA310,0.16848485,0.03648226,-0.0020793,0.04030574,0.00130335,0.033964,0.04955199,Cultivar,Cultivar_RHA,Cultivar,Cultivar
RHA324,0.1669147,0.03361852,-0.0025655,0.0374944,-6.41E-06,0.03228207,0.04148599,Cultivar,Cultivar_RHA,Cultivar,Cultivar
RHA328,0.16810662,0.03669351,-0.0026068,0.04045958,0.00083834,0.03465968,0.04948169,Cultivar,Cultivar_RHA,Cultivar,Cultivar
RHA354,0.16975149,0.03309571,-0.0025049,0.03598711,-0.002342,0.03547149,0.03421302,Cultivar,Cultivar_RHA,Cultivar,Cultivar
RHA358,0.16787774,0.02649259,-0.0007756,0.02624097,-0.0164475,0.04799063,-0.0061952,Cultivar,Cultivar_RHA,Cultivar,Cultivar
RHA362,0.17110942,0.02458124,0.00271411,0.02519335,-0.0155009,0.05239269,-0.0056052,Cultivar,Cultivar_RHA,Cultivar,Cultivar
RHA397,0.16675467,0.02701638,0.00577558,0.03059281,-0.0229825,0.07171529,-0.0099441,Cultivar,Cultivar_RHA,Cultivar,Cultivar
RHA408,0.17245369,0.03160794,0.00146016,0.03374738,-0.0257052,0.07318091,-0.0121074,Cultivar,Cultivar_RHA,Cultivar,Cultivar
RHA426,0.13240602,0.01919271,0.01321761,0.02327416,-0.0228955,0.06539137,-0.0093858,Cultivar,Cultivar_RHA,Cultivar,Cultivar
RHA857,0.17134555,0.02868382,0.00017173,0.02629445,-0.0164914,0.04410219,-0.0043687,Cultivar,Cultivar_RHA,Cultivar,Cultivar
ann01_cwIA,0.00123249,-0.0211176,0.00577148,-0.0236633,0.00420881,-0.0068587,0.00171005,Wild,IA,IA_KS,ENA
ANN1419,-0.0145845,-0.0744048,0.00382391,-0.0827604,0.0454683,-0.0216794,-0.0064039,Wild,IA,IA_KS,ENA
ANN1420,-0.0086653,-0.0503186,-0.0006158,-0.0454941,0.02656596,-0.0187585,-0.0033938,Wild,IA,IA_KS,ENA
IA1W_1,0.00037432,-0.0455603,-0.0023641,-0.0451074,0.0223242,-0.0047147,-0.0085572,Wild,IA,IA_KS,ENA
IA1W_11R,-0.0179671,-0.0632727,0.00338885,-0.0695836,0.03830443,-0.0298887,0.00098269,Wild,IA,IA_KS,ENA
IA1W_15,-0.0175036,-0.0590459,0.00381812,-0.0646521,0.03095315,-0.0221877,0.00079536,Wild,IA,IA_KS,ENA
IA1W_2,-0.0215878,-0.0670325,0.00975042,-0.0653249,0.03742126,-0.0143389,-0.0058378,Wild,IA,IA_KS,ENA
IA1W_21,-0.0117544,-0.0671369,0.00266603,-0.0771093,0.04561117,-0.0166175,-0.0040893,Wild,IA,IA_KS,ENA
IA1W_28,0.00083051,-0.0255724,-0.0005731,-0.0304482,0.01608785,-0.005597,-0.002664,Wild,IA,IA_KS,ENA
IA1W_33,-0.018943,-0.0591384,0.00030988,-0.0547478,0.02984703,-0.0206293,-0.0127304,Wild,IA,IA_KS,ENA
IA1W_39,-0.0254806,-0.0642594,0.00207561,-0.0570136,0.03016861,-0.0075248,-0.005575,Wild,IA,IA_KS,ENA
IA1W_4,-0.0209149,-0.0705431,0.01022489,-0.0761125,0.04255209,-0.0143994,-0.0050221,Wild,IA,IA_KS,ENA
IA1W_5,-0.0258921,-0.0604298,-1.94E-05,-0.0505775,0.02929766,-0.0152658,-0.0013256,Wild,IA,IA_KS,ENA
IA2W_14,0.00067237,-0.0217081,0.00512362,-0.0256516,0.00796679,-0.011423,-0.0065389,Wild,IA,IA_KS,ENA
IA2W_16,-0.0062891,-0.0436816,0.0239222,-0.0503548,0.01050738,-0.0219741,-0.0040561,Wild,IA,IA_KS,ENA
IA2W_17,-0.0002455,-0.0275336,0.01145778,-0.0305827,0.00835162,-0.0137926,-0.0015173,Wild,IA,IA_KS,ENA
IA2W_29,-0.0018041,-0.0393556,0.01360156,-0.0427908,0.01839829,-0.0195872,0.00108279,Wild,IA,IA_KS,ENA
IA2W_37,-0.0002916,-0.0274503,0.00760867,-0.0287448,0.01000365,-0.0092807,-0.0053561,Wild,IA,IA_KS,ENA
IA2W_37R,0.00409769,-0.0285947,0.00898453,-0.0286366,0.00980285,-0.0100847,5.64E-05,Wild,IA,IA_KS,ENA
IA2W_38,-0.0090645,-0.0387222,0.02072013,-0.0494518,0.00072955,-0.0242705,0.0195109,Wild,IA,IA_KS,ENA
IA2W_39,-0.0043386,-0.0366068,0.01591042,-0.0394418,0.01123301,-0.0190918,0.00271008,Wild,IA,IA_KS,ENA
IA2W_6,0.00814131,-0.0252488,0.00405785,-0.0254155,0.00611596,-0.005698,-0.0086914,Wild,IA,IA_KS,ENA
IA2W_7,-0.0100057,-0.0498615,0.01926904,-0.0514575,0.02128604,-0.0312174,0.00209603,Wild,IA,IA_KS,ENA
ann10_ccIL,0.00608111,-0.0124049,0.01789746,-0.0154242,-0.0001301,-0.0076063,0.000612,Wild,IL,AR_IL_NB,ENA
ANN1171,-0.0260492,-0.0277585,0.04505497,-0.0217899,-0.0213519,0.0166313,0.01482064,Wild,KS,IA_KS,ENA
ANN1172,-0.0317573,-0.0298685,0.05042425,-0.0174686,-0.02628,0.0110201,0.01166053,Wild,KS,IA_KS,ENA
ANN1173,-0.0264795,-0.0321753,0.04760676,-0.0247114,-0.0151821,0.00914448,0.00450063,Wild,KS,IA_KS,ENA
ANN1174,-0.0311928,-0.0311988,0.05291526,-0.0186473,-0.0276753,0.00994467,0.00702491,Wild,KS,IA_KS,ENA
ANN1175,-0.0220553,-0.0214702,0.04370158,-0.0092404,-0.0370419,0.01394375,0.02043665,Wild,KS,IA_KS,ENA
ANN1176,-0.0252007,-0.0334382,0.04482597,-0.0158419,-0.0177255,0.01376821,0.00407185,Wild,KS,IA_KS,ENA
ANN1177,-0.0287593,-0.0315912,0.04558593,-0.0192022,-0.0183756,0.00324515,0.0001876,Wild,KS,IA_KS,ENA
ANN1178,-0.0281402,-0.0329826,0.04911718,-0.0198675,-0.0171868,0.01101117,0.00581629,Wild,KS,IA_KS,ENA
ANN1179,-0.0233981,-0.0249523,0.04252518,-0.0124784,-0.0181762,0.00793056,0.00708247,Wild,KS,IA_KS,ENA
ANN1180,-0.0251648,-0.0296041,0.04863898,-0.0178711,-0.0207083,0.01651617,0.00731486,Wild,KS,IA_KS,ENA
ANN1181,-0.0216019,-0.0303221,0.09431793,-0.0605802,-0.0508138,0.01127228,0.01382059,Wild,KS,IA_KS,ENA
ANN1182,-0.0235823,-0.021066,8.93E-02,-0.0453968,-0.0588129,0.01261732,0.02520324,Wild,KS,IA_KS,ENA
ANN1183,-0.0253622,-0.0273468,0.09598039,-0.045056,-0.0566079,0.00260885,0.01481655,Wild,KS,IA_KS,ENA
ANN1184,-0.0241491,-0.0228687,0.09297723,-0.0478712,-0.0578914,0.01463057,0.0227815,Wild,KS,IA_KS,ENA
ANN1185,-0.0196607,-0.0288863,0.08375107,-0.0543396,-0.0417572,0.00953664,0.00906187,Wild,KS,IA_KS,ENA
ANN1186,-0.0153651,-2.29E-02,0.07657771,-0.0443474,-0.0530712,0.01887203,0.02272102,Wild,KS,IA_KS,ENA
ANN1187,-0.0280196,-0.0313093,0.10619879,-0.0629644,-0.0491458,0.01264098,0.01209892,Wild,KS,IA_KS,ENA
ANN1188,-0.0280737,-0.0260149,0.08708996,-0.0436461,-0.0402206,0.00319981,0.00854677,Wild,KS,IA_KS,ENA
ANN1189,-0.019094,-0.0216878,0.08680488,-0.0435456,-0.0559148,0.01260216,0.01676743,Wild,KS,IA_KS,ENA
ANN1190,-0.0223362,-0.0256328,0.08869808,-0.0526232,-0.0483789,0.01305015,0.01588949,Wild,KS,IA_KS,ENA
ANN1191,-0.0279582,-0.0050712,0.08464181,-0.0028187,-0.0938335,0.03127839,0.03847377,Wild,KS,IA_KS,ENA
ANN1192,-0.0181509,-0.0110512,0.0720503,-0.0030814,-0.071787,0.02735545,0.02644278,Wild,KS,IA_KS,ENA
ANN1193,-0.0316514,-0.0051369,0.11566324,-0.0054052,-0.1640014,0.05217383,0.08382951,Wild,KS,IA_KS,ENA
ANN1194,-0.0124932,-0.0097256,0.0620594,-0.0085006,-0.0683794,0.02391931,0.02355311,Wild,KS,IA_KS,ENA
ANN1195,-0.0380308,-0.0156307,0.1056904,-0.0138042,-0.1190619,0.04361261,0.05562489,Wild,KS,IA_KS,ENA
ANN1196,-0.0256041,-0.004885,0.07572828,-0.0027505,-0.0804055,0.02602237,0.03472266,Wild,KS,IA_KS,ENA
ANN1197,-0.0301694,-0.0122542,0.07390898,-0.0080606,-0.0651869,0.02338128,0.01603698,Wild,KS,IA_KS,ENA
ANN1198,-0.0385037,-0.0086193,0.09171095,-0.0074414,-0.0898351,0.02910421,0.04113951,Wild,KS,IA_KS,ENA
ANN1199,-0.0320279,-0.0090398,0.09798293,-0.0066121,-0.1231787,0.04463549,0.0536857,Wild,KS,IA_KS,ENA
ANN1200,-0.0232206,-0.0149394,0.0679245,-0.0094789,-0.0556385,0.02132154,0.00618332,Wild,KS,IA_KS,ENA
ANN1439,-0.0222022,-0.0384964,0.03765684,-0.0193666,-0.0157396,0.02422236,-0.0038766,Wild,KS,IA_KS,ENA
ann34_cwKS,-0.0084554,-0.0035582,0.00525298,0.00521291,-0.0122887,0.0014065,0.0044091,Wild,KS,IA_KS,ENA
KS1W_19,-0.0111448,-0.0310932,0.02239011,-0.0175841,-0.0078887,0.00788103,-0.0014945,Wild,KS,IA_KS,ENA
KS1W_2,-0.0038578,-0.0553396,-0.0614358,-0.0168826,0.03053063,0.01685935,-0.0122724,Wild,KS,IA_KS,ENA
KS1W_24,-0.0324327,-0.0452263,0.05888299,-0.035633,-0.0466441,0.04988991,0.04848243,Wild,KS,IA_KS,ENA
KS1W_26,-0.0051838,-0.0199806,0.02074409,-0.0121584,-0.0121316,0.01105433,0.0037857,Wild,KS,IA_KS,ENA
KS1W_27,-0.0330242,-0.033418,0.04797422,-0.0170281,-0.0392107,0.01652919,0.00573605,Wild,KS,IA_KS,ENA
KS1W_29,-0.0182578,-0.0332464,0.02949047,-0.0173627,-0.0140791,0.01702993,-0.0043581,Wild,KS,IA_KS,ENA
KS1W_3,-0.0299432,-0.02849,0.04378237,-0.0163949,-0.0210243,0.00215653,0.00661252,Wild,KS,IA_KS,ENA
KS1W_32,-0.036102,-0.0441253,0.03866056,-0.0191118,-0.0049345,0.02193847,-0.0017622,Wild,KS,IA_KS,ENA
KS1W_35,-0.0330662,-0.0350908,0.02923033,-0.0174721,-0.0012863,0.01087679,-0.0043286,Wild,KS,IA_KS,ENA
KS1W_40,8.26E-07,-0.0137939,0.00901126,-0.0072232,-0.0042828,0.00862886,-0.0015867,Wild,KS,IA_KS,ENA
KS1W_9,-0.0279139,-0.0358826,0.03985036,-0.0189467,-0.0176971,0.01756283,0.00340589,Wild,KS,IA_KS,ENA
KS2W_12,-0.0155091,-0.0196598,0.01815557,-0.0008546,-0.014838,0.0043371,-0.0026208,Wild,KS,IA_KS,ENA
KS2W_14,-0.0041649,-0.03535,-0.0011611,-0.0270679,0.0129162,-0.0009612,-0.0056864,Wild,KS,IA_KS,ENA
KS2W_15,-0.032926,-0.0322208,0.02429339,-0.0113925,-0.0148395,0.01103824,0.01477046,Wild,KS,IA_KS,ENA
KS2W_15R,0.00313019,-0.0185752,0.01709815,-0.022866,-0.0004808,-0.0108157,0.00029228,Wild,KS,IA_KS,ENA
KS2W_24,-0.0324401,-0.0452347,0.05891226,-0.0356721,-0.0466634,0.04986628,0.04849747,Wild,KS,IA_KS,ENA
KS2W_32,-0.0368035,-0.0306176,0.03070122,-9.97E-05,-0.0184255,0.00407656,0.00559069,Wild,KS,IA_KS,ENA
KS2W_35,-0.0359241,-0.0567081,-0.0403261,-0.02158,0.02219495,0.01201755,-0.0034781,Wild,KS,IA_KS,ENA
KS2W_6,-0.0370702,-0.0295682,0.02816978,-0.0052501,-0.0105901,0.00887041,-0.0002504,Wild,KS,IA_KS,ENA
KS2W_6_1R,-0.0248617,-0.03782,0.02458485,-0.0139447,-0.0008538,0.01695096,-0.0040225,Wild,KS,IA_KS,ENA
KS2W_8,-0.0330236,-0.0355802,0.03255631,-0.0120575,-0.0092505,0.01653683,0.00531967,Wild,KS,IA_KS,ENA
KS2W_9,-0.0163096,-0.0223714,0.01467302,-0.0051213,-0.0111632,0.00977913,-0.000123,Wild,KS,IA_KS,ENA
MB1W_11,-0.0055327,-0.0272062,-0.0473904,-0.0110864,0.02366465,0.02107141,-0.0107818,Wild,MB,MB_SK,ENA
MB1W_14,-0.012694,-0.0432589,-0.0666915,-0.0168492,0.0357167,0.03692175,-0.0188882,Wild,MB,MB_SK,ENA
MB1W_16,-0.0176912,-0.073687,-0.1269584,-0.0284981,0.07730778,0.07992681,-0.0412078,Wild,MB,MB_SK,ENA
MB1W_16B,-0.0289551,-0.08652,-0.1526654,-0.035433,0.10001733,0.09311263,-0.0477124,Wild,MB,MB_SK,ENA
MB1W_20,-0.0184442,-0.0613132,-0.1001077,-0.0219237,0.05540831,0.05239151,-0.032222,Wild,MB,MB_SK,ENA
MB1W_30,-0.0155748,-0.0550662,-0.0894192,-0.0234159,0.05648859,0.05443685,-0.0258926,Wild,MB,MB_SK,ENA
MB1W_31,-0.0203441,-0.0666574,-0.1141652,-0.0284395,0.07536462,0.07128116,-0.0356605,Wild,MB,MB_SK,ENA
MB1W_39,-0.0213807,-0.0702775,-0.1145894,-0.0310357,0.0786998,0.07414321,-0.0359467,Wild,MB,MB_SK,ENA
MB1W_40,-0.0122019,-0.0776128,-0.1338251,-0.0298778,0.08399609,0.08046115,-0.0296378,Wild,MB,MB_SK,ENA
MB1W_8,-0.0248706,-0.0660935,-0.1174766,-0.0242729,0.06353586,0.05733129,-0.0323093,Wild,MB,MB_SK,ENA
annMex_A1516,0.00187658,0.04043544,-0.0074176,-0.0229772,-0.0040189,0.00076805,-0.0195584,mexWild,mexWild,mexWild,mexWild
annMex_A1517,0.01700189,0.05175728,-0.0020207,-0.0188159,-0.0057618,0.00105863,-0.0338564,mexWild,mexWild,mexWild,mexWild
annMex_A1572,-0.007692,0.05125417,0.00535633,-0.0132913,0.00594384,0.00463726,-0.0573893,mexWild,mexWild,mexWild,mexWild
annMex_A1574,0.03925433,0.02464761,7.40E-07,-0.0075955,0.00169707,0.00209457,-0.0274032,mexWild,mexWild,mexWild,mexWild
annMex_Ann261,0.00221601,0.04045413,0.0030015,-0.0119462,0.00021996,0.00367348,-0.0390161,mexWild,mexWild,mexWild,mexWild
MO1W_11,0.00159693,-0.0218365,0.02340653,-0.0282748,0.00301902,-0.0138786,-3.21E-05,Wild,MO,MO,ENA
MO1W_15,0.00224179,-0.0158787,0.02017093,-0.019214,-0.0021046,-0.0101292,0.00256324,Wild,MO,MO,ENA
MO1W_16,-0.0060098,-0.0295076,0.04862491,-0.0448028,-0.006655,-0.0280903,0.00603603,Wild,MO,MO,ENA
MO1W_2,0.00164832,-0.0209915,0.0301722,-0.0279068,-0.0039691,-0.0138775,0.00575194,Wild,MO,MO,ENA
MO1W_2R,-0.001201,-0.0313068,-0.018325,-0.0238959,0.01499104,0.00311948,-0.002143,Wild,MO,MO,ENA
MO1W_3,-0.0104842,-0.0366272,0.0485546,-0.0514522,0.00405916,-0.0280832,0.00683815,Wild,MO,MO,ENA
MO1W_33,0.00081942,-0.0330548,0.03777726,-0.0430138,-0.0042616,-0.0153136,0.00357157,Wild,MO,MO,ENA
MO1W_38,-0.0208489,-0.0566102,0.01467886,-0.0554965,0.02816713,-0.0253585,-2.46E-03,Wild,MO,MO,ENA
MO1W_39,-0.0139016,-0.0102371,0.00777626,0.00505766,-0.0151945,0.00089133,0.00435432,Wild,MO,MO,ENA
MO1W_7,0.00229431,-0.0253786,0.03059262,-0.0320316,0.00083958,-0.0170507,0.00059386,Wild,MO,MO,ENA
Ann1238,-0.0403413,-0.0166864,-0.0095978,0.04018111,-0.0373353,-0.0023518,0.01906722,Wild,NB,AR_IL_NB,ENA
ann39_ncNE,0.00083143,-0.0010653,-0.0121953,-0.0082849,0.00421792,0.00058586,-0.0042328,Wild,NB,AR_IL_NB,ENA
ND1W_12,-0.0156658,-0.0459932,-0.0772787,-0.0102422,0.02755496,0.00737667,-0.0071812,Wild,ND,ND_SD,ENA
ND1W_20,-0.0060826,-0.0408707,0.0045712,-0.0403664,0.01924834,-0.0147905,-0.003828,Wild,ND,ND_SD,ENA
ND1W_22,-0.0035914,-0.0189015,-0.0291212,-0.0060236,0.00812732,0.00595621,-0.0020155,Wild,ND,ND_SD,ENA
ND1W_25,-0.0055262,-0.0335124,-0.0521009,-0.0071154,0.00927101,0.01587231,0.00542988,Wild,ND,ND_SD,ENA
ND1W_27,-0.018296,-0.0520274,-0.093447,-0.0115184,0.02197338,0.02076107,0.00634228,Wild,ND,ND_SD,ENA
ND1W_31,-0.0095321,-0.037196,-0.0559752,-0.0124852,0.0071901,0.01634644,0.00631238,Wild,ND,ND_SD,ENA
ND1W_33,-0.0127181,-0.0338288,-0.0600092,-0.0092712,0.01401957,0.01106891,0.00690549,Wild,ND,ND_SD,ENA
ND1W_36,-0.0083598,-0.0308841,-0.0482854,-0.0087661,0.01370257,0.00760368,0.00012238,Wild,ND,ND_SD,ENA
ND1W_38,-0.024466,-0.0645335,-0.0977706,-0.0193797,0.0345909,0.01849721,-0.0069177,Wild,ND,ND_SD,ENA
ann05_ccNM,-0.0124196,0.00752659,0.01551914,0.02212006,0.00154585,0.00276154,0.00252783,Wild,NM,CO_UT_NM,CO_UT_NM_TX
ANN0956,-0.0411015,0.04919296,0.04650439,0.10417592,0.07638919,0.00371864,-0.005959,Wild,NM,CO_UT_NM,CO_UT_NM_TX
ANN0957,-0.0361205,0.04814012,0.03413382,0.1000602,0.08632013,-0.0091105,-0.0113663,Wild,NM,CO_UT_NM,CO_UT_NM_TX
ANN0959,-0.0438413,0.05346315,0.04691249,0.11115419,0.07176785,0.00223321,-0.0013006,Wild,NM,CO_UT_NM,CO_UT_NM_TX
ANN0962,-0.0403815,0.06192123,0.05240679,0.1582803,0.134556,-0.0266887,-0.0093741,Wild,NM,CO_UT_NM,CO_UT_NM_TX
ANN0963,-0.035444,0.0512346,0.04531056,0.14113551,0.13140064,-0.0215809,-0.0162201,Wild,NM,CO_UT_NM,CO_UT_NM_TX
ANN0964,-0.0394279,0.06082591,0.04948096,0.13964745,0.11311987,-0.0260539,-0.0088096,Wild,NM,CO_UT_NM,CO_UT_NM_TX
ANN0972,-0.0384608,0.01663709,0.0343958,0.0530668,-0.004432,0.01520844,0.01827378,Wild,NM,CO_UT_NM,CO_UT_NM_TX
ANN0975,-0.0395163,0.01984305,0.03649544,0.0535613,-0.007836,0.01336744,0.00815734,Wild,NM,CO_UT_NM,CO_UT_NM_TX
ANN0978,-0.034484,0.01858312,0.0267124,0.04976856,-0.0088024,0.01114966,0.01624439,Wild,NM,CO_UT_NM,CO_UT_NM_TX
ANN0981,-0.0435283,0.01316208,8.40E-03,0.06031158,-0.0014415,-0.0014098,0.01729713,Wild,NM,CO_UT_NM,CO_UT_NM_TX
ANN0985,-0.0440149,0.0023899,0.01224585,0.06101486,0.01466434,0.00580024,0.01971506,Wild,NM,CO_UT_NM,CO_UT_NM_TX
ANN0986,-0.0452122,0.0117393,0.00896405,0.06000701,0.00169598,0.0056351,0.03126404,Wild,NM,CO_UT_NM,CO_UT_NM_TX
ANN1296,-0.0367375,0.06530799,0.04409451,0.07874066,0.05066867,0.00614454,-0.0684354,Wild,NM,CO_UT_NM,CO_UT_NM_TX
ANN1297,-0.0334047,0.05166634,0.03810357,0.06703348,0.06474671,0.00993673,-0.0718395,Wild,NM,CO_UT_NM,CO_UT_NM_TX
ANN1300,-0.028127,0.04944945,0.02999469,0.05602645,0.0469084,0.00653068,-0.0592263,Wild,NM,CO_UT_NM,CO_UT_NM_TX
ANN1301,-0.0403624,0.04171627,0.05237131,0.11899994,0.13669286,0.01131544,-0.1052799,Wild,NM,CO_UT_NM,CO_UT_NM_TX
ANN1309,-0.0365064,0.04452162,0.05318935,0.12985525,0.15416984,0.01018682,-0.1223258,Wild,NM,CO_UT_NM,CO_UT_NM_TX
ANN1310,-0.0443539,0.04693825,0.06102552,0.14024598,0.16236481,0.01311124,-0.1274986,Wild,NM,CO_UT_NM,CO_UT_NM_TX
ANN1029,-0.04816,0.12527597,-0.0852952,0.00062804,-0.0253326,0.00393285,0.15763413,Wild,NV,CA_AZ_NV,CA_AZ_NV
ANN1040,-0.0416662,0.11856138,-0.1197048,-0.0548148,-0.035661,0.00476038,0.19328887,Wild,NV,CA_AZ_NV,CA_AZ_NV
ANN1201,-0.024226,-0.0249184,0.09191068,-0.0403793,-0.0581675,0.0389939,-0.0045212,Wild,OK,OK,ENA
ANN1202,-0.0276485,-0.0259249,0.09836446,-0.0382816,-0.0611683,0.03539417,-0.001433,Wild,OK,OK,ENA
ANN1203,-0.0305385,-0.0197604,0.07768093,-0.0209659,-0.0343856,0.02799419,-0.0065049,Wild,OK,OK,ENA
ANN1204,-0.0281752,-0.0284397,0.09519787,-0.0441734,-0.0464294,0.03014189,-0.0056846,Wild,OK,OK,ENA
ANN1205,-0.0270434,-0.0169929,0.08310786,-0.0214887,-0.0496703,0.02477074,-0.0025564,Wild,OK,OK,ENA
ANN1206,-0.028336,-0.0241121,0.10242657,-0.0307503,-0.059798,0.03781681,-0.0098116,Wild,OK,OK,ENA
ANN1207,-0.0233163,-0.0157777,0.0680324,-0.0225637,-0.0379549,0.01448958,-0.0042299,Wild,OK,OK,ENA
ANN1208,-0.0228334,-0.0302247,0.09313156,-0.0388742,-0.0539831,0.03651401,-0.0157043,Wild,OK,OK,ENA
ANN1209,-0.0256476,-0.0132186,0.06303263,-0.013639,-0.0238516,0.00435067,-0.0081302,Wild,OK,OK,ENA
ANN1210,-0.0193781,-0.0157475,0.06587794,-0.0224407,-0.0381673,0.02321198,0.00104976,Wild,OK,OK,ENA
ann29_neSD,-0.0063056,-0.025598,-0.0290534,-0.0107944,0.01083286,0.00889549,-0.0079917,Wild,SD,ND_SD,ENA
SD1W_13,-0.032632,-0.0229966,0.03998003,-0.0046911,-0.0222397,0.0127532,0.01758103,Wild,SD,ND_SD,ENA
SD1W_14,0.00346277,-0.0328482,0.00286325,-0.0292221,0.01283386,-0.0113072,-0.0046041,Wild,SD,ND_SD,ENA
SD1W_20,-0.0178028,-0.0585665,-0.0670615,-0.0237328,0.02543374,0.02758006,-0.0047041,Wild,SD,ND_SD,ENA
SD1W_21,-0.0128839,-0.038832,-0.0493693,-0.0162145,0.01592389,0.01782983,-2.93E-03,Wild,SD,ND_SD,ENA
SD1W_21B,0.00165863,-0.0290936,-0.0142669,-0.0191168,0.01319462,0.00596998,-0.0067995,Wild,SD,ND_SD,ENA
SD1W_35,-0.0126476,-0.020612,0.00705983,-1.76E-05,-0.0101049,0.01190755,-0.0043297,Wild,SD,ND_SD,ENA
SD1W_4,-0.0219357,-0.0608363,-0.0699355,-0.023595,0.02240984,0.02567856,-0.00719,Wild,SD,ND_SD,ENA
SD1W_6,-0.0093716,-0.0435985,-0.0456718,-0.0152784,0.01564419,0.01946325,-0.0112883,Wild,SD,ND_SD,ENA
SD2W_14,-0.0142946,-0.0455502,-0.027361,-0.0294561,0.01960935,0.00465544,-0.0100233,Wild,SD,ND_SD,ENA
SD2W_15,-0.0137626,-0.0531109,-0.0339785,-0.0343234,0.03288758,0.00499191,-0.017628,Wild,SD,ND_SD,ENA
SD2W_18,-0.0142022,-0.0623358,-0.0361805,-0.0425166,0.03754013,0.01160783,-0.0102785,Wild,SD,ND_SD,ENA
SD2W_19,-0.0093247,-0.0390818,-0.0265735,-0.0247879,0.02073475,0.00761514,-0.0049802,Wild,SD,ND_SD,ENA
SD2W_21,-0.0111431,-0.0484703,-0.0258818,-0.0327323,0.0252537,0.01254746,-0.0152934,Wild,SD,ND_SD,ENA
SD2W_23,-0.0184773,-0.0711322,-0.0314913,-0.0584905,0.04662362,0.01376133,-0.0232827,Wild,SD,ND_SD,ENA
SD2W_23R,-9.36E-05,-0.0309847,0.00193839,-0.0293171,0.01147308,-0.0011932,-0.0041876,Wild,SD,ND_SD,ENA
SD2W_27,-0.027759,-0.0657569,-0.04283,-0.0400916,0.03759668,0.01376083,-0.0082324,Wild,SD,ND_SD,ENA
SD2W_30,-0.0040981,-0.0288387,-0.0024116,-0.0248308,0.01012395,-0.0039309,-0.0073531,Wild,SD,ND_SD,ENA
SD2W_40,-0.0078865,-0.0394589,-0.0198574,-0.0239823,0.01917874,0.00608373,-0.0080122,Wild,SD,ND_SD,ENA
SD2W_5,-0.0073488,-0.0314084,-0.018203,-0.0198057,0.01400163,0.00317549,-0.0072024,Wild,SD,ND_SD,ENA
ANN1501,-0.0065582,-0.0477348,-0.0890743,-0.0179399,0.04447942,0.0505888,-0.0195543,Wild,SK,MB_SK,ENA
ann28_swSK,0.00089989,-0.006176,-0.0155819,-0.000273,0.00258284,0.00240699,-0.0002148,Wild,SK,MB_SK,ENA
SK1W_1,-0.0007131,-0.0252499,0.03308582,-0.0394464,-0.0043121,-0.0218926,0.01496649,Wild,SK,MB_SK,ENA
SK1W_15,-0.0122223,-0.0474888,-0.0264819,-0.0336125,0.02216627,0.00820285,-0.0076205,Wild,SK,MB_SK,ENA
SK1W_22,-0.0202048,-0.0780791,-0.1446377,-0.0296338,0.07009493,0.07746028,-2.91E-02,Wild,SK,MB_SK,ENA
SK1W_22R,-0.021754,-0.0760261,-0.1266205,-0.0275524,0.06382739,0.05780236,-0.0199467,Wild,SK,MB_SK,ENA
SK1W_25,-0.0109571,-0.0390982,-0.0656976,-0.0117972,0.03312406,0.03038841,-0.0106581,Wild,SK,MB_SK,ENA
SK1W_29,-0.0196264,-0.0636583,-0.1190487,-0.0225289,0.06159397,0.06184393,-0.0181883,Wild,SK,MB_SK,ENA
SK1W_29R,-0.040041,-0.0886945,-0.1574668,-0.0273453,0.09158594,0.08261369,-0.0225716,Wild,SK,MB_SK,ENA
SK1W_36,-0.0169322,-0.0606462,-0.1089575,-0.016149,0.05620145,0.05629104,-0.0165185,Wild,SK,MB_SK,ENA
SK1W_37,-0.018615,-0.0685427,-0.1226839,-0.0229,0.05977774,0.0673579,-0.0190436,Wild,SK,MB_SK,ENA
SK1W_Q,-0.017653,-0.0622377,-0.1063296,-0.01747,0.05647723,0.05951081,-0.0205277,Wild,SK,MB_SK,ENA
Ari_Broad,0.04845531,-0.0065172,-0.0147315,-0.0067653,0.00727694,-0.0167296,-0.0010513,TV_ethnographic,TV_ethnographic,TV_ethnographic,TV_ethnographic
Ari_Man,0.01405739,-0.0254723,-0.0159508,-0.0227758,0.01581146,-0.0379768,0.00504391,TV_ethnographic,TV_ethnographic,TV_ethnographic,TV_ethnographic
Paiute,0.0086526,0.00246523,0.00601942,-0.0092673,0.0121823,-0.0390689,0.00023479,TV_ethnographic,TV_ethnographic,TV_ethnographic,TV_ethnographic
Se_Purp,0.03998946,-0.0094447,-0.0175489,-0.0046952,0.00854597,-0.0085109,0.00137939,TV_ethnographic,TV_ethnographic,TV_ethnographic,TV_ethnographic
Se_Strip_682a,0.01849617,-0.0188249,-0.0247545,-0.007165,0.00959347,-0.0016065,-0.00199,TV_ethnographic,TV_ethnographic,TV_ethnographic,TV_ethnographic
Seneca_137749,0.07467456,-0.0036559,0.00143261,-0.0102474,0.00803436,-0.0325259,0.00299975,TV_ethnographic,TV_ethnographic,TV_ethnographic,TV_ethnographic
MexCult1,0.05529432,0.00156115,0.00073795,-0.0027196,0.00318516,-0.0162373,0.0009572,TV,TV_MX,TV,TV
MexCult15,0.01068533,-1.23E-05,0.00049633,-0.0002953,2.29E-05,-0.0036932,8.58E-05,TV,TV_MX,TV,TV
MexCult3,0.04401758,-0.0015334,0.00410797,-0.009907,0.01205022,-0.0379643,0.00426827,TV,TV_MX,TV,TV
MexCult6,0.03463895,0.00395012,0.00212954,-0.0072903,0.00797123,-0.0221371,-0.0011238,TV,TV_MX,TV,TV
MexCult9,0.02298694,-0.0012464,0.00141756,-0.0056847,0.00622871,-0.0190808,0.00263651,TV,TV_MX,TV,TV
Anzac_Pueblo,0.11175398,0.00792852,0.00034389,-0.0054342,0.00843086,-0.0309398,0.0021805,TV,TV_other,TV,TV
Arikara,0.07524719,-0.0017001,-0.00515,-0.0087949,0.00696529,-0.0230762,-0.0002925,TV,TV_other,TV,TV
Hidatsa,0.11159102,0.01068634,-0.0015133,0.00127896,0.00265213,-0.0098266,0.00104356,TV,TV_other,TV,TV
Laguna_Pueblo,0.13230362,0.01537684,-0.002925,0.00913043,-0.0033513,0.00559659,-0.0012541,TV,TV_other,TV,TV
Mandan1_PPN046,0.15324663,0.01624423,0.00273237,0.00580891,0.0002108,-0.0010279,-0.0009297,TV,TV_other,TV,TV
Mandan2,0.13007348,0.01432829,-0.0001146,0.00287045,-0.0019339,-0.0012649,-0.0017203,TV,TV_other,TV,TV
Pueblo,0.12068438,0.00926903,-0.0005896,-0.0030296,0.00582767,-0.0376623,0.00044904,TV,TV_other,TV,TV
Seneca,0.03561689,-0.0004675,-0.0001377,-0.0059377,0.00670881,-0.0232117,0.00129697,TV,TV_other,TV,TV
Zuni,0.10932824,0.01017336,-0.0008831,0.0018828,0.00191134,-0.0160129,0.00105729,TV,TV_other,TV,TV
Havasupai,0.04679253,-0.0198748,0.03686726,-0.0758593,0.1090556,-0.376569,0.03599311,TV,TV_SW,TV,TV
Hopi_dye_NEW,0.03175761,-0.023888,0.03994575,-0.0841553,0.11584479,-0.4017936,0.03586383,TV,TV_SW,TV,TV
Hopi_mapping_NEW,0.04263609,-0.0258535,0.05445794,-0.0977573,0.14328234,-0.4923556,0.04822227,TV,TV_SW,TV,TV
Hopi_real_NEW,0.06794217,-0.0158202,0.04150706,-0.0735723,0.11170539,-0.3833596,0.03961778,TV,TV_SW,TV,TV
ANN1216,-0.0275457,0.00986742,0.07809438,-0.0032661,-0.045209,0.01894071,0.00642779,Wild,TX,TX,CO_UT_NM_TX
ANN1218,-0.0316945,0.00659143,0.08513573,-0.0063133,-0.0439491,0.02225711,0.00440113,Wild,TX,TX,CO_UT_NM_TX
ANN1219,-0.0283409,0.00421647,0.08237056,-0.0144862,-0.0357946,0.01841397,-0.0009603,Wild,TX,TX,CO_UT_NM_TX
ANN1311,-0.0375232,0.04210888,0.09164583,0.06706936,-0.0203837,0.03515671,-0.0389163,Wild,TX,TX,CO_UT_NM_TX
ANN1316,-0.0396077,0.04732103,0.09369911,0.07383664,-0.0223666,0.03802832,-0.0400798,Wild,TX,TX,CO_UT_NM_TX
ANN1319,-0.0413541,0.04492283,0.09004053,0.06889179,-0.0217536,0.03409301,-0.0434406,Wild,TX,TX,CO_UT_NM_TX
ANN1322,-0.0336259,0.02507606,0.07025685,0.04095238,-0.0103542,0.02988237,-0.0239178,Wild,TX,TX,CO_UT_NM_TX
ANN1328,-0.032676,0.02910886,0.06926438,0.03714062,-0.0133268,0.02414869,-0.025969,Wild,TX,TX,CO_UT_NM_TX
ANN1330,-0.0341903,0.03431647,0.06856632,0.04252294,-0.0232413,0.0219606,-0.0142461,Wild,TX,TX,CO_UT_NM_TX
ANN1053,-0.0441765,0.11609356,0.02303577,0.00309054,-0.0058353,0.00249346,-0.0174466,Wild,UT,CO_UT_NM,CO_UT_NM_TX
ANN1062,-0.0405298,0.11637997,0.00089717,0.00258614,0.03760903,-0.0003127,-0.0547919,Wild,UT,CO_UT_NM,CO_UT_NM_TX
ANN1073,-0.0411338,0.07049484,-0.0142296,0.04935882,0.03116511,0.00183953,0.00659647,Wild,UT,CO_UT_NM,CO_UT_NM_TX
ANN1083,-0.0453113,0.03980676,-0.0116242,0.09951052,0.0743005,-0.0018168,0.05103745,Wild,UT,CO_UT_NM,CO_UT_NM_TX
ANN1095,-0.0463592,0.04599688,-0.016941,0.11163513,0.05649395,-0.0107772,0.07245007,Wild,UT,CO_UT_NM,CO_UT_NM_TX
ANN1106,-0.0410653,0.04092776,-0.0202323,0.12283252,0.05895233,-0.0076295,0.07842954,Wild,UT,CO_UT_NM,CO_UT_NM_TX
ANN1115,-0.0405888,0.02953903,-0.0096484,0.11817534,8.90E-02,-0.0012419,0.06305574,Wild,UT,CO_UT_NM,CO_UT_NM_TX
ANN1127,-0.0467753,0.05017786,-0.0089055,0.13464303,0.07489944,-0.0098927,0.08494543,Wild,UT,CO_UT_NM,CO_UT_NM_TX
ANN1134,-0.0469756,0.0455772,-0.0099006,0.13162676,0.08338598,-0.0137879,0.07053535,Wild,UT,CO_UT_NM,CO_UT_NM_TX
ANN1143,-0.0421575,0.04601272,0.00503836,0.13250207,0.0576567,-0.0112643,0.05588729,Wild,UT,CO_UT_NM,CO_UT_NM_TX
ANN1151,-0.0305645,-0.0509383,-0.1391707,0.12783411,-0.1933805,-0.1103692,-0.0813631,Wild,WY,WY,ENA
ANN1152,-0.0314772,-0.0461938,-0.1438081,0.15341131,-0.2315418,-0.1294731,-0.1137952,Wild,WY,WY,ENA
ANN1153,-0.0272362,-0.0426103,-0.1338011,0.14473749,-0.2380499,-0.1261868,-0.0957826,Wild,WY,WY,ENA
ANN1154,-0.0324171,-0.0490878,-0.130879,0.15058107,-0.254445,-0.1233034,-0.0871138,Wild,WY,WY,ENA
ANN1155,-0.0259035,-0.0421554,-0.1226543,0.11303423,-0.1660638,-0.0950995,-0.0686751,Wild,WY,WY,ENA
ANN1156,-0.0246923,-0.0375055,-0.1036309,0.11207494,-0.1743255,-0.0864679,-0.0552587,Wild,WY,WY,ENA
ANN1157,-0.0166199,-0.036073,-0.0998827,0.09358784,-0.1408163,-0.0786866,-0.0674573,Wild,WY,WY,ENA
ANN1159,-0.0225249,-0.0368867,-0.1189418,0.12776771,-0.2143802,-0.1142526,-0.0902783,Wild,WY,WY,ENA
ANN1160,-0.0325263,-0.0429447,-0.1441912,0.15400234,-0.2604011,-0.1436936,-0.1072885,Wild,WY,WY,ENA