sample_intraspecific,PC1,PC2,PC3,PC4,PC5,PC6,PC7,Pop_broad,Pop_geoLoc,Pop_geoLoc2
ann01_cwIA,-0.06047822,-0.000259221,0.018363006,-0.009617789,-0.012567108,0.004379916,-0.009518539,Wild,IA,IA
ann04_nwAR,-0.070024119,-0.0178852,0.038346333,-0.001296727,-0.007228369,0.009614397,-0.01130693,Wild,AR,AR
ann05_ccNM,-0.021802248,-0.032644937,0.012548746,0.049034922,0.009741443,-0.010651551,0.027465772,Wild,NM,CO_UT_NM
ANN0810,0.074187777,-0.151661083,-0.080892971,-0.155595789,0.013768317,0.03322997,-0.057083737,Wild,CA,CA_NV_AZ
ANN0820,0.063902096,-0.168409365,-0.088119857,-0.167726212,0.014950971,0.014807393,-0.021960102,Wild,CA,CA_NV_AZ
ANN0830,0.082561091,-0.178347348,-0.091273669,-0.176401127,0.011997315,0.026866011,-0.039035235,Wild,CA,CA_NV_AZ
ANN0835,0.069144597,-0.161529363,-0.093232643,-0.15630612,0.018360901,0.019267573,-0.027847285,Wild,CA,CA_NV_AZ
ANN0849,0.081501143,-0.17657618,-0.093973959,-0.168173429,0.008659535,0.022624814,-0.027686196,Wild,CA,CA_NV_AZ
ANN0854,0.080147172,-0.171597338,-0.095819465,-0.17705291,0.012376669,0.029954312,-0.037027985,Wild,CA,CA_NV_AZ
ANN0867,0.069191437,-0.086487169,-0.12506882,-0.103617342,0.043032809,0.036217543,-0.078480738,Wild,CA,CA_NV_AZ
ANN0874,0.058528399,-0.085736488,-0.120498538,-0.101023309,0.041756615,0.034553912,-0.068277712,Wild,CA,CA_NV_AZ
ANN0880,0.050994219,-0.079519791,-0.11694558,-0.096731985,0.043575182,0.032238351,-0.062732157,Wild,CA,CA_NV_AZ
ANN0882,0.054406012,-0.11251268,-0.096777284,-0.114245332,0.045723738,0.018986079,-0.059041679,Wild,CA,CA_NV_AZ
ANN0898,0.05202076,-0.108145166,-0.094584325,-0.121066282,0.042777683,0.022061447,-0.057399838,Wild,CA,CA_NV_AZ
ANN0908,0.065350645,-0.118139417,-0.020811828,-0.015076308,-0.030780518,0.012597189,0.035429938,Wild,AZ,CA_NV_AZ
ANN0918,0.066308269,-0.122259432,-0.019764247,-0.02243018,-0.018691114,-0.0269228,0.04984389,Wild,AZ,CA_NV_AZ
ANN0927,0.072777566,-0.148619781,-0.018536615,-0.076138277,-0.04429715,-0.0609336,0.129473733,Wild,AZ,CA_NV_AZ
ANN0931,0.060370806,-0.070555713,-0.009499002,0.039832321,-0.039118265,0.022924039,0.000652962,Wild,AZ,CA_NV_AZ
ANN0946,0.073101614,-0.074376677,0.003678593,0.016977536,-0.021773953,-0.010386003,0.021368777,Wild,AZ,CA_NV_AZ
ANN0956,0.065990947,-0.046533484,0.011234508,0.125460036,-0.06065614,0.012801602,0.046918889,Wild,NM,CO_UT_NM
ANN0957,0.058195684,-0.04682468,0.002749604,0.117601714,-0.058998257,0.017689027,0.045913202,Wild,NM,CO_UT_NM
ANN0959,0.08598405,-0.046355086,0.009830904,0.134926231,-0.059761251,0.026196383,0.025924495,Wild,NM,CO_UT_NM
ANN0962,0.062762049,-0.058305664,0.007144213,0.168759557,-0.084843049,0.030976634,0.061558686,Wild,NM,CO_UT_NM
ANN0963,0.052025499,-0.050998854,0.005741092,0.163927644,-0.080539715,0.02938282,0.064962415,Wild,NM,CO_UT_NM
ANN0964,0.063026183,-0.05625322,0.009102984,0.15619679,-0.073475177,0.028164184,0.058614473,Wild,NM,CO_UT_NM
ANN0972,0.061580429,-0.002158539,0.016789495,0.043974014,0.009040843,0.005054037,-0.005957791,Wild,NM,CO_UT_NM
ANN0975,0.060352318,-0.004498333,0.015546387,0.047889231,0.015667961,-0.007742266,-0.004364148,Wild,NM,CO_UT_NM
ANN0978,0.046369074,-0.007889633,0.014366101,0.043598884,0.017315693,-0.002218644,0.00078842,Wild,NM,CO_UT_NM
ANN0981,0.085076351,0.011429535,-0.006198668,0.04836301,0.024527402,0.03039217,-0.042086061,Wild,NM,CO_UT_NM
ANN0985,0.087389884,0.015514506,-0.001776455,0.058279639,-0.001525232,0.043390404,-0.041913396,Wild,NM,CO_UT_NM
ANN0986,0.089799759,0.015005303,-0.007370645,0.047576652,0.012408153,0.032343579,-0.050882714,Wild,NM,CO_UT_NM
ANN0992,0.061710706,0.000722209,-0.006221784,0.118731684,0.013689766,0.062920578,-0.070163452,Wild,CO,CO_UT_NM
ANN0996,0.066026379,-0.001733942,-0.003655676,0.11397985,0.024874912,0.060735087,-0.070221782,Wild,CO,CO_UT_NM
ANN0997,0.06113566,-0.002819965,-0.002000775,0.104412664,0.017813271,0.056866381,-0.064806252,Wild,CO,CO_UT_NM
ann10_ccIL,-0.073742973,-0.023353053,0.039507103,0.001682386,0.001516872,0.007153599,-0.004934493,Wild,IL,IL
ANN1002,0.056262701,-0.009362202,-0.019842893,0.111558987,-0.02884293,0.069129203,-0.043952558,Wild,CO,CO_UT_NM
ANN1003,0.049222813,-0.003153501,-0.022340335,0.10616331,-0.020562527,0.06126044,-0.041795014,Wild,CO,CO_UT_NM
ANN1004,0.062467703,-0.011513949,-0.020781124,0.115546692,-0.030609078,0.073730458,-0.05429654,Wild,CO,CO_UT_NM
ANN1011,0.092486696,-0.007845246,-0.033775094,0.132310087,-0.018778203,0.087111168,-0.079697793,Wild,CO,CO_UT_NM
ANN1012,0.08987473,-0.008205906,-0.028356856,0.132456894,-0.008980398,0.086371212,-0.084552354,Wild,CO,CO_UT_NM
ANN1019,0.065903759,-0.00944244,-0.025091273,0.122940418,-0.023775984,0.079268075,-0.059203145,Wild,CO,CO_UT_NM
ANN1029,0.066462949,-0.075266353,-0.088855927,-0.035885608,0.031134741,0.031151793,-0.052625951,Wild,NV,CA_NV_AZ
ANN1040,0.055455379,-0.070881619,-0.108163659,-0.079586422,0.033913294,0.020772537,-0.060719814,Wild,NV,CA_NV_AZ
ANN1046,0.062349464,-0.102657727,0.002156361,-0.043549005,-0.009271463,-0.009966049,0.020277965,Wild,NV,CA_NV_AZ
ANN1053,0.082802459,-0.117054624,-0.013691602,-0.043163731,-0.000260274,7.41E-05,-0.007917573,Wild,UT,CO_UT_NM
ANN1062,0.071317313,-0.102724748,-0.030626447,-0.023820221,-0.027269429,0.010374348,0.010319057,Wild,UT,CO_UT_NM
ANN1073,0.066329155,-0.05123825,-0.040938916,0.02925475,-0.012439387,0.036426488,-0.013443551,Wild,UT,CO_UT_NM
ANN1083,0.08639144,-0.020159359,-0.039730366,0.079633423,-0.031482055,0.072340875,-0.068920354,Wild,UT,CO_UT_NM
ANN1095,0.092489572,-0.024525609,-0.046477156,0.094698015,-0.022229917,0.085680038,-0.082163326,Wild,UT,CO_UT_NM
ANN1106,0.061629783,-0.023362269,-0.043843832,0.096405893,-0.009001602,0.065386085,-0.059523291,Wild,UT,CO_UT_NM
ANN1115,0.058072012,-0.01354456,-0.032917611,0.104275725,-0.031818018,0.070632907,-0.058223623,Wild,UT,CO_UT_NM
ANN1127,0.089838566,-0.024615801,-0.039565474,0.115555887,-0.025618249,0.087992863,-0.088030826,Wild,UT,CO_UT_NM
ANN1134,0.099599286,-0.023622425,-0.044198503,0.11138645,-0.030631192,0.095102274,-0.102682258,Wild,UT,CO_UT_NM
ANN1143,0.07785937,-0.025135534,-0.023466928,0.122780869,-0.012249044,0.062768586,-0.061865019,Wild,UT,CO_UT_NM
ANN1151,0.02268971,0.062849332,-0.099149319,0.060260638,0.232466325,0.049058597,0.026511616,Wild,WY,WY
ANN1152,0.030639297,0.061740665,-0.102851879,0.07388088,0.263603051,0.051224766,0.03598062,Wild,WY,WY
ANN1153,0.011837378,0.054704365,-0.095088521,0.068489828,0.255763817,0.044049222,0.038519656,Wild,WY,WY
ANN1154,0.024358917,0.063485193,-0.092039951,0.067361634,0.267548293,0.047382111,0.03345354,Wild,WY,WY
ANN1155,0.014504745,0.05443948,-0.091212744,0.060352405,0.215944492,0.04059898,0.028858462,Wild,WY,WY
ANN1156,0.004873627,0.046929932,-0.080033365,0.062668557,0.219147967,0.036225489,0.035980155,Wild,WY,WY
ANN1157,-0.007230332,0.043833689,-0.084435495,0.062348495,0.207753384,0.033738188,0.034729772,Wild,WY,WY
ANN1159,-0.002875152,0.047905694,-0.092126842,0.070258983,0.26197885,0.036897401,0.045050063,Wild,WY,WY
ANN1160,0.030611738,0.058099187,-0.100838023,0.071889122,0.276231086,0.046669885,0.036509403,Wild,WY,WY
ANN1162,0.024200009,0.038269203,-0.052683568,0.032034967,0.045697238,0.021162821,-0.004380386,Wild,CO,CO_UT_NM
ANN1164,0.009949199,0.033793379,-0.050858538,0.037844248,0.036512589,0.015504564,-0.000166442,Wild,CO,CO_UT_NM
ANN1169,0.0505601,0.047348169,-0.06197948,0.037725989,0.046339651,0.03551273,-0.019033356,Wild,CO,CO_UT_NM
ANN1171,0.028052625,0.036223553,0.051337265,-0.024879738,-0.004449884,0.011144112,-0.003672368,Wild,KS,KS
ANN1172,0.039897137,0.042972889,0.056162057,-0.027335279,0.015110481,0.016306167,0.000933899,Wild,KS,KS
ANN1173,0.027770277,0.035525488,0.056418703,-0.026598557,-0.001100299,0.016615741,0.000294193,Wild,KS,KS
ANN1174,0.040803234,0.043138796,0.056865285,-0.022534277,0.007132282,0.01642919,-0.006206336,Wild,KS,KS
ANN1175,0.009885667,0.022610796,0.048465508,-0.014014308,0.028005247,0.009812608,0.009432551,Wild,KS,KS
ANN1176,0.024737725,0.03827376,0.049179126,-0.019449042,-0.00020958,0.020034567,-0.001452472,Wild,KS,KS
ANN1177,0.031343419,0.037560258,0.052411825,-0.023334994,0.003977133,0.015232451,-0.001592689,Wild,KS,KS
ANN1178,0.027078516,0.03744221,0.053549665,-0.022250947,0.003474316,0.013273585,0.000436556,Wild,KS,KS
ANN1179,0.01595036,0.029963778,0.048280572,-0.016467215,0.014071838,0.00770241,0.005689878,Wild,KS,KS
ANN1180,0.018244447,0.033273914,0.052845493,-0.020957404,0.002544198,0.009572305,0.006427658,Wild,KS,KS
ANN1181,0.01190642,0.024451044,0.107019249,-0.066122067,0.009372328,0.024150233,0.01445445,Wild,KS,KS
ANN1182,0.014170346,0.018013709,0.095174031,-0.053866846,0.011357824,0.017922646,0.016564365,Wild,KS,KS
ANN1183,0.026249975,0.026210059,0.104814412,-0.05444809,0.007945574,0.021875702,0.00483829,Wild,KS,KS
ANN1184,0.014635177,0.019867544,0.104864838,-0.057099983,0.015352372,0.016070608,0.021685521,Wild,KS,KS
ANN1185,0.004679181,0.022215149,0.099568171,-0.059285232,0.009251594,0.019845785,0.02088011,Wild,KS,KS
ANN1186,-0.008357302,0.015252734,0.095379053,-0.051463102,0.017717549,0.011831688,0.025356151,Wild,KS,KS
ANN1187,0.041271888,0.031673029,0.112634881,-0.066905582,0.000931153,0.028242223,0.000698461,Wild,KS,KS
ANN1188,0.04030083,0.030580742,0.098866657,-0.050617794,-0.000278933,0.025686496,-0.004770993,Wild,KS,KS
ANN1189,0.004360701,0.01351728,0.09641819,-0.050468874,0.014534542,0.013545649,0.019233998,Wild,KS,KS
ANN1190,0.012602769,0.023317061,0.09418254,-0.053064367,0.003338856,0.013350422,0.011992559,Wild,KS,KS
ANN1191,0.027135904,0.011922552,0.092380234,-0.026453832,0.097225458,-0.030140132,0.089382897,Wild,KS,KS
ANN1192,-0.001721397,0.007011242,0.077569509,-0.017851882,0.077736488,-0.023229247,0.077084623,Wild,KS,KS
ANN1193,0.032831129,0.009768748,0.103564363,-0.037841211,0.134293545,-0.03557272,0.118187514,Wild,KS,KS
ANN1194,-0.014083506,0.002777653,0.077765471,-0.019128779,0.084535106,-0.027746436,0.094821439,Wild,KS,KS
ANN1195,0.057190712,0.027433534,0.112553502,-0.04309907,0.119161961,-0.025542029,0.112083865,Wild,KS,KS
ANN1196,0.01729498,0.010738361,0.084561356,-0.02309114,0.084902726,-0.021840263,0.083880824,Wild,KS,KS
ANN1197,0.039478411,0.02075705,0.084164455,-0.028230666,0.067783867,-0.012382019,0.069028538,Wild,KS,KS
ANN1198,0.065445264,0.024720836,0.0996955,-0.036541291,0.080553979,-0.014039686,0.065409493,Wild,KS,KS
ANN1199,0.036717502,0.016273662,0.105082143,-0.036114893,0.124389378,-0.031596811,0.121487967,Wild,KS,KS
ANN1200,0.015615785,0.015862572,0.079176644,-0.023835649,0.060040326,-0.016304057,0.066569801,Wild,KS,KS
ANN1201,0.014403697,0.016720664,0.102889327,-0.051874292,0.042673862,0.005600533,0.077472969,Wild,OK,OK
ANN1202,0.029030727,0.024761564,0.104328149,-0.051132264,0.036538459,0.005739483,0.058135989,Wild,OK,OK
ANN1203,0.038640149,0.027780652,0.089301193,-0.037517822,0.025732254,0.002537747,0.044252509,Wild,OK,OK
ANN1204,0.02888715,0.025837286,0.102938676,-0.051581613,0.031705036,0.010634627,0.061958,Wild,OK,OK
ANN1205,0.022794133,0.018835653,0.096383861,-0.041420105,0.035771126,0.001280733,0.060739483,Wild,OK,OK
ANN1206,0.024848811,0.024731552,0.1094564,-0.051385445,0.048242106,0.000504099,0.072202615,Wild,OK,OK
ANN1207,0.017365435,0.016191001,0.083221403,-0.036053203,0.033016728,-0.001028404,0.044708007,Wild,OK,OK
ANN1208,0.012131971,0.024114609,0.107650686,-0.050117997,0.037609734,0.006288016,0.080951552,Wild,OK,OK
ANN1209,0.022024225,0.014402903,0.072723565,-0.021961871,0.018152487,-0.001979493,0.022646097,Wild,OK,OK
ANN1210,0.002469325,0.014248437,0.082318447,-0.032956645,0.035549557,-0.000610887,0.054188506,Wild,OK,OK
ANN1216,0.037798277,-0.005551736,0.088410374,-0.014327763,0.032895142,-0.040499231,0.009621678,Wild,TX,TX
ANN1218,0.047992387,-0.004073243,0.090505062,-0.020411447,0.029623605,-0.044140344,0.005876388,Wild,TX,TX
ANN1219,0.037878023,-0.004091668,0.084499915,-0.016550767,0.01856669,-0.040365654,0.005980328,Wild,TX,TX
Ann1238_subset,0.047133946,0.037466417,-0.011097168,0.010615708,0.022346402,0.012137121,-0.01832884,Wild,NB,NB
ANN1260,0.068822316,-0.162793714,-0.079203501,-0.154350073,0.012679987,0.025394204,-0.038966982,Wild,CA,CA_NV_AZ
ANN1268,0.063891859,-0.149429132,-0.012438003,-0.058228357,-0.050928406,-0.074854763,0.177844916,Wild,AZ,CA_NV_AZ
ANN1273,0.076982472,-0.148617274,-0.01172625,-0.056637605,-0.056873341,-0.077503977,0.183595421,Wild,AZ,CA_NV_AZ
ANN1284,0.059458378,-0.148565873,-0.012912813,-0.064802923,-0.050245929,-0.075921932,0.177208458,Wild,AZ,CA_NV_AZ
ANN1296,0.057852509,-0.06845201,0.011673159,0.107727597,-0.053970744,-0.044335638,0.138345279,Wild,NM,CO_UT_NM
ANN1297,0.047985496,-0.06048476,0.013607617,0.102118851,-0.06814312,-0.045072911,0.141067151,Wild,NM,CO_UT_NM
ANN1300,0.032006199,-0.063943916,0.008197407,0.089554835,-0.047366183,-0.039311361,0.115253115,Wild,NM,CO_UT_NM
ANN1301,0.06745948,-0.041420313,0.016749025,0.166118047,-0.155494019,0.000691461,0.18434295,Wild,NM,CO_UT_NM
ANN1309,0.060473518,-0.045423806,0.013998853,0.175573106,-0.167754242,-0.001806334,0.208967357,Wild,NM,CO_UT_NM
ANN1310,0.091623704,-0.045724006,0.017440848,0.19173663,-0.188934434,0.006855217,0.214817573,Wild,NM,CO_UT_NM
ANN1311,0.068459591,-0.042223257,0.074289973,0.089179376,0.059214343,-0.410886791,-0.246333086,Wild,TX,TX
ANN1316,0.072946121,-0.042854068,0.075880552,0.09579544,0.064183102,-0.435944909,-0.264774623,Wild,TX,TX
ANN1319,0.079633561,-0.039269156,0.072534545,0.08974407,0.056523021,-0.401544056,-0.235774728,Wild,TX,TX
ANN1322,0.056468773,-0.030695779,0.057842572,0.05877988,0.026355765,-0.204254773,-0.074124917,Wild,TX,TX
ANN1328,0.046660617,-0.032935537,0.061002848,0.051315965,0.032288981,-0.190987983,-0.060102895,Wild,TX,TX
ANN1330,0.048826382,-0.041450366,0.061069427,0.055560395,0.040780583,-0.200688183,-0.062020787,Wild,TX,TX
ANN1419,-0.001603343,0.063888728,0.022529267,-0.055477148,-0.083191201,0.048533545,-0.094569474,Wild,IA,IA
ANN1420,-0.007230354,0.040251109,0.015786129,-0.028731413,-0.032323044,0.025033466,-0.038109622,Wild,IA,IA
ANN1439,0.008426411,0.044234598,0.042707087,-0.025489236,-0.007431557,0.020397318,0.007493358,Wild,KS,KS
ANN1501,-0.04850482,0.064613218,-0.110218184,-0.010057319,-0.042395512,-0.07899222,0.05498961,Wild,SK,SK_MB
ann20_seAZ,-0.072341329,-0.076021473,-0.00249013,0.02120111,-0.002115005,-0.023773117,0.058527035,Wild,AZ,CA_NV_AZ
ann28_swSK,-0.08820039,-0.016957838,-0.041033596,0.019862677,0.013923616,-0.01436414,0.016482469,Wild,SK,SK_MB
ann29_neSD,-0.053610878,0.02379372,-0.04147378,-0.001150512,-0.014768637,-0.022346723,0.016737547,Wild,SD,ND_SD
ann34_cwKS,-0.040034743,-0.011336214,0.011352647,0.016159152,0.025160539,-0.004973418,0.015840518,Wild,KS,KS
ann39_ncNE,-0.072667559,-0.03040465,-0.022247962,0.001254932,0.004637354,-0.005562204,0.011290849,Wild,NB,NB
Anzac_Pueblo,-0.162572938,-0.09507747,0.019183078,0.049082925,0.016301334,0.028014817,-0.044308304,Landrace,Landrace,Landrace
Ari_Broad,-0.12904535,-0.055742513,-0.004970427,0.035045398,0.009593067,0.013729992,-0.024748656,Ethnographic,Ethnographic,Ethnographic
Ari_Man,-0.075729345,-0.003843022,-0.010534287,0.00832925,-0.010679479,0.011917532,-0.02456524,Ethnographic,Ethnographic,Ethnographic
Arikara,-0.136168695,-0.068121902,0.010160731,0.038176296,0.009668514,0.018236772,-0.031523948,Landrace,Landrace,Landrace
Arikara_122976,-0.034505905,-0.013484372,0.000104791,0.005346898,0.003502157,-0.002561584,0.004711798,Ethnographic,Ethnographic,Ethnographic
Arikara_126306,-0.064292737,-0.025703268,-0.000244,0.011423366,0.006668204,-0.003218408,0.005485852,Ethnographic,Ethnographic,Ethnographic
Arikara_14042_874,-0.067786558,-0.026951542,-0.001197073,0.012174059,0.007348318,-0.003581338,0.006609673,Ethnographic,Ethnographic,Ethnographic
Havasupai,-0.08981933,-0.061129456,0.042283342,0.035957114,-0.021036261,0.0668849,-0.101911678,Landrace,Landrace,Landrace
Hidatsa,-0.172908857,-0.096235921,0.01539214,0.049334231,0.019947409,0.02103406,-0.03169634,Landrace,Landrace,Landrace
Hopi_dye_NEW,-0.070370645,-0.050373253,0.047761141,0.030470218,-0.027404548,0.072335627,-0.111183818,Landrace,Landrace,Landrace
Hopi_mapping_NEW,-0.047000251,-0.051643594,0.055114938,0.033128893,-0.035768116,0.088199102,-0.138218888,Landrace,Landrace,Landrace
Hopi_real_NEW,-0.161769949,-0.097361155,0.020494083,0.049807313,0.017543317,0.031154829,-0.048960867,Landrace,Landrace,Landrace
IA1W_1,-0.035184709,0.044005904,0.013742074,-0.035150327,-0.058445624,0.027282879,-0.046624482,Wild,IA,IA
IA1W_11,-0.030385234,0.039008763,0.007806772,-0.033950284,-0.053538351,0.02580856,-0.051249782,Wild,IA,IA
IA1W_11R,0.030758129,0.06747368,0.018877317,-0.052049981,-0.077692508,0.056347616,-0.10776975,Wild,IA,IA
IA1W_15,0.01504206,0.061330014,0.021020544,-0.048638444,-0.070908339,0.050493029,-0.090501619,Wild,IA,IA
IA1W_2,0.031232847,0.076792093,0.023730399,-0.052481695,-0.088402393,0.056885565,-0.099643671,Wild,IA,IA
IA1W_21,0.000839028,0.065785564,0.020018479,-0.053696766,-0.085775924,0.049404144,-0.088492053,Wild,IA,IA
IA1W_28,-0.068450954,0.015539007,0.012888075,-0.024495531,-0.042982865,0.021169208,-0.04119643,Wild,IA,IA
IA1W_33,0.018701959,0.059090954,0.017516424,-0.039663219,-0.058495925,0.035169196,-0.059923512,Wild,IA,IA
IA1W_39,0.032314866,0.072162814,0.016287065,-0.045477523,-0.063570038,0.037383974,-0.068985744,Wild,IA,IA
IA1W_4,0.025351658,0.07388051,0.024991586,-0.055775995,-0.087088275,0.053313347,-0.097656108,Wild,IA,IA
IA1W_5,0.046559565,0.069954968,0.014490453,-0.043059459,-0.063473676,0.03997652,-0.077243089,Wild,IA,IA
IA1W1_6_308,-0.093824324,-0.027835228,0.001655909,0.0101859,0.003253106,-0.005285836,0.008311568,Wild,IA,IA
IA2W_11,-0.005004249,0.041403363,0.035975134,-0.038128333,-0.046101624,0.028976178,-0.040183308,Wild,IA,IA
IA2W_14,-0.06433291,0.003739724,0.023481629,-0.01386966,-0.022656346,0.007289241,-0.007377468,Wild,IA,IA
IA2W_16,-0.021495792,0.031177752,0.039941622,-0.036213528,-0.040802854,0.02267145,-0.032085283,Wild,IA,IA
IA2W_17,-0.055024954,0.010107089,0.027701934,-0.01589131,-0.023814085,0.010482444,-0.01197517,Wild,IA,IA
IA2W_29,-0.036626392,0.021428032,0.0303943,-0.022819287,-0.024939818,0.019503479,-0.021927842,Wild,IA,IA
IA2W_37,-0.058190888,0.011374613,0.025698502,-0.019349632,-0.026102946,0.013160309,-0.009743658,Wild,IA,IA
IA2W_37R,-0.053271189,0.011864552,0.023801431,-0.015682308,-0.024931657,0.008962965,-0.013095227,Wild,IA,IA
IA2W_38,-0.002331764,0.035922658,0.031922366,-0.034600276,-0.028907737,0.022757573,-0.040547031,Wild,IA,IA
IA2W_39,-0.034082551,0.021099153,0.031286777,-0.022267527,-0.02862778,0.014238037,-0.016491122,Wild,IA,IA
IA2W_6,-0.065295777,0.00880734,0.023440127,-0.017408237,-0.024023124,0.009208118,-0.004070269,Wild,IA,IA
IA2W_7,0.001840231,0.044356408,0.033057374,-0.031878447,-0.044148088,0.032630653,-0.048470506,Wild,IA,IA
KS1W_19,-0.010034801,0.032895503,0.032902309,-0.018843538,-0.005507109,0.01280104,0.008452089,Wild,KS,KS
KS1W_2,0.013133127,0.059214612,-0.048166695,-0.01355293,-0.034712795,0.000606994,-0.033191587,Wild,KS,KS
KS1W_24,0.04198366,0.050981929,0.039934092,-0.025404375,-0.01369207,0.027639926,-0.011697949,Wild,KS,KS
KS1W_26,-0.028860505,0.01516011,0.02968664,-0.011053878,0.003336095,0.002562342,0.017963715,Wild,KS,KS
KS1W_27,0.041061367,0.04817899,0.050665113,-0.027736069,0.005787925,0.025180018,-0.009721584,Wild,KS,KS
KS1W_29,0.002676215,0.038736607,0.0389654,-0.020827358,0.001088927,0.017636299,0.007012732,Wild,KS,KS
KS1W_3,0.043992415,0.041640402,0.046806396,-0.022204069,0.006565404,0.017621407,-0.017725328,Wild,KS,KS
KS1W_32,0.058562937,0.063972099,0.044685306,-0.029923337,-0.022735134,0.038762101,-0.022318987,Wild,KS,KS
KS1W_35,0.056907515,0.059184382,0.036143887,-0.026650316,-0.025426035,0.035944975,-0.022770803,Wild,KS,KS
KS1W_40,-0.048860437,0.000755392,0.02332317,0.002861674,0.00741442,-0.003799046,0.02185512,Wild,KS,KS
KS1W_9,0.035296192,0.046456799,0.042681294,-0.025274328,-0.005212849,0.022319043,-0.006285864,Wild,KS,KS
KS1W9_3_342,-0.06930674,-0.025744124,0.002119097,0.009907439,0.007352571,-0.005081689,0.010873326,Wild,KS,KS
KS2E_6,0.062539742,0.054223036,0.034127879,-0.021943938,-0.006789296,0.040318763,-0.035331224,Wild,KS,KS
KS2W_12,-0.014612349,0.016378118,0.024588335,-0.002296797,0.013366365,0.001631763,0.016664655,Wild,KS,KS
KS2W_14,-0.034032966,0.033203451,0.011595158,-0.021873889,-0.030137373,0.005694856,-0.007677012,Wild,KS,KS
KS2W_15,0.050273518,0.057263277,0.028127012,-0.022112406,-0.014118424,0.029588334,-0.020717303,Wild,KS,KS
KS2W_15R,-0.068055073,-0.009380088,0.037769125,-0.007180269,-0.003874134,0.01118604,0.000101166,Wild,KS,KS
KS2W_24,0.051186666,0.052842358,0.016419444,-0.010453011,-0.006007764,0.031716232,-0.022655358,Wild,KS,KS
KS2W_32,0.068674814,0.058997044,0.033661495,-0.018126379,-7.76E-05,0.029702895,-0.02494282,Wild,KS,KS
KS2W_35,0.039855526,0.079884914,-0.030536692,-0.02650314,-0.03138693,0.00791794,-0.022176897,Wild,KS,KS
KS2W_6_1R,0.027137096,0.054754267,0.030309844,-0.020061736,-0.017532845,0.029632808,-0.016620319,Wild,KS,KS
KS2W_8,0.052728836,0.054025751,0.038107392,-0.021025932,-0.009814828,0.0272948,-0.01049613,Wild,KS,KS
KS2W_9,-0.015895261,0.018602652,0.02432177,-0.005894619,0.007682037,0.005100272,0.013786764,Wild,KS,KS
KS2W24_7_43,-0.061200295,-0.011476691,0.015920084,0.006494337,0.014477182,-0.005255721,0.01848533,Wild,KS,KS
Laguna_Pueblo,-0.181704562,-0.09760774,0.014012672,0.051445791,0.020285681,0.016664374,-0.026687943,Landrace,Landrace,Landrace
Mandan1_PPN046,-0.165790866,-0.104914742,0.022213353,0.056575734,0.018458412,0.027606883,-0.04494354,Landrace,Landrace,Landrace
Mandan2,-0.175584864,-0.103428045,0.018706111,0.054608984,0.021149605,0.022059304,-0.035762616,Landrace,Landrace,Landrace
MB1W_11,-0.065255006,0.035022741,-0.076424442,-0.00372438,-0.027410412,-0.055347291,0.041718772,Wild,MB,SK_MB
MB1W_14,-0.049090442,0.054943757,-0.090224736,-0.011763057,-0.032874808,-0.065799399,0.049744156,Wild,MB,SK_MB
MB1W_16,-0.021705326,0.086143461,-0.117900226,-0.025256564,-0.056845456,-0.086312524,0.060680505,Wild,MB,SK_MB
MB1W_16B,0.001993909,0.101823367,-0.130391488,-0.030199835,-0.07171808,-0.087265301,0.053380084,Wild,MB,SK_MB
MB1W_20,-0.028362135,0.078106164,-0.106604434,-0.017160949,-0.04733641,-0.074784553,0.050329222,Wild,MB,SK_MB
MB1W_30,-0.037726417,0.070697131,-0.104870994,-0.018597765,-0.049580021,-0.07443011,0.049743673,Wild,MB,SK_MB
MB1W_31,-0.026243596,0.080556426,-0.115545862,-0.022116269,-0.059299037,-0.08344245,0.057728066,Wild,MB,SK_MB
MB1W_39,-0.022013178,0.082736119,-0.111111303,-0.023758233,-0.05995418,-0.078993291,0.053495553,Wild,MB,SK_MB
MB1W_40,-0.00137243,0.091264575,-0.117109876,-0.022772428,-0.06244776,-0.065255412,0.031318422,Wild,MB,SK_MB
MB1W_8,-0.010477319,0.081640066,-0.111626459,-0.02207494,-0.049120564,-0.073391753,0.044496833,Wild,MB,SK_MB
MB1W16_2_283,-0.05239431,-0.017696198,-0.002429869,0.008040557,0.003452376,-0.006571892,0.008792551,Wild,MB,SK_MB
Mex_A1516,-0.049323715,-0.105326498,-0.023930856,-0.037924096,0.008621745,-0.005686801,0.023995363,MexWild,MexWild,MexWild
Mex_A1572,-0.023043646,-0.115620984,-0.010919793,-0.020992182,-0.012830967,-0.049260867,0.103389645,MexWild,MexWild,MexWild
Mex_Ann261,-0.050296862,-0.111857172,-0.009732329,-0.011767022,0.002074264,-0.032593741,0.073285427,MexWild,MexWild,MexWild
MexCult1,-0.145549967,-0.077234228,0.014229675,0.039274455,0.015242781,0.017470034,-0.024236499,Landrace,Landrace,Landrace
MexCult15,-0.055723206,-0.025047824,0.002357695,0.010555627,0.0065546,-0.001359629,0.000841268,Landrace,Landrace,Landrace
MexCult3,-0.107879309,-0.05365465,0.010626151,0.026525682,0.007582395,0.008133401,-0.011264381,Landrace,Landrace,Landrace
MexCult6,-0.093317344,-0.04978862,0.006418824,0.021447195,0.00745236,0.003704711,-0.003931674,Landrace,Landrace,Landrace
MexCult9,-0.0769288,-0.036346151,0.005245542,0.016652593,0.005855794,0.003467045,-0.003750745,Landrace,Landrace,Landrace
MO1W_11,-0.0573644,-0.004415041,0.041261111,-0.012468492,-0.007196906,0.01237592,-0.000666387,Wild,MO,MO
MO1W_15,-0.064077563,-0.012235585,0.040601992,-0.007161147,-0.002816525,0.008949001,-0.003983262,Wild,MO,MO
MO1W_16,-0.013887047,0.01195563,0.058491344,-0.024732497,-0.019385205,0.023961261,-0.027271899,Wild,MO,MO
MO1W_2,-0.050942422,-0.003590055,0.047204897,-0.013110032,-0.006223734,0.011150376,-0.006057446,Wild,MO,MO
MO1W_2R,-0.060168637,0.016818427,-0.014927867,-0.006741745,-0.014781112,-0.007792289,0.004341914,Wild,MO,MO
MO1W_3,0.010404975,0.027240859,0.061672627,-0.036005673,-0.03916914,0.040727609,-0.048997641,Wild,MO,MO
MO1W_33,-0.025171862,0.016539078,0.052798758,-0.027329202,-0.021142852,0.020146161,-0.023261481,Wild,MO,MO
MO1W_38,0.035351196,0.053814418,0.029305395,-0.038681046,-0.053814038,0.043632063,-0.06714495,Wild,MO,MO
MO1W_39,-0.021224347,0.004892849,0.010683208,0.006638123,0.020088105,-0.003353509,0.017114082,Wild,MO,MO
MO1W_7,-0.043230618,0.003908641,0.04538552,-0.014740193,-0.014998446,0.016737935,-0.010728832,Wild,MO,MO
MO1W30_1_114,-0.072287782,-0.026772182,0.003498862,0.010156364,0.006917151,-0.004246153,0.009399451,Wild,MO,MO
ND1W_12,-0.019160819,0.057350703,-0.077255663,-0.003769753,-0.016354486,-0.023752817,0.009871203,Wild,ND,ND_SD
ND1W_20,-0.032745872,0.025722107,0.017083846,-0.021921569,-0.02740913,0.015379044,-0.021717538,Wild,ND,ND_SD
ND1W_22,-0.070088347,0.015887327,-0.051561683,0.005271883,-0.001227312,-0.024080912,0.019629484,Wild,ND,ND_SD
ND1W_25,-0.049307735,0.040302583,-0.066445737,-9.84E-05,-0.006595389,-0.030959461,0.020775433,Wild,ND,ND_SD
ND1W_27,-0.013239519,0.061243013,-0.081561536,-0.00888825,-0.011597181,-0.024958872,0.010236304,Wild,ND,ND_SD
ND1W_31,-0.034336885,0.051601043,-0.070775665,-0.009346394,-0.004796831,-0.025170441,0.012782634,Wild,ND,ND_SD
ND1W_33,-0.035374542,0.0410981,-0.069066718,-0.004769854,-0.003631283,-0.023756794,0.013236245,Wild,ND,ND_SD
ND1W_36,-0.052320303,0.031690363,-0.060519168,0.001957736,-0.001709177,-0.021920821,0.016052713,Wild,ND,ND_SD
ND1W_38,0.014573252,0.086924737,-0.0916527,-0.020233511,-0.032616774,-0.021981528,-0.007976232,Wild,ND,ND_SD
ND1W27_2_288,-0.06275854,-0.021885783,-0.003471549,0.009850875,0.006179015,-0.005103653,0.00942662,Wild,ND,ND_SD
Paiute,-0.10064658,-0.064036083,0.014270693,0.019655473,0.003784099,0.010225379,-0.011306753,Ethnographic,Ethnographic,Ethnographic
San_Ildefonso_Pueblo,-0.065453715,-0.028339003,0.000437739,0.014089805,0.006401597,-0.004917829,0.009708603,ethnoWild,ethnoWild,ethnoWild
SD1W_13,0.053806135,0.043081027,0.042755275,-0.019898575,-0.000971144,0.027367905,-0.016191701,Wild,SD,ND_SD
SD1W_14,-0.043991293,0.022214788,0.015180498,-0.018617702,-0.023490469,0.009378101,-0.012382777,Wild,SD,ND_SD
SD1W_15,-0.050026965,0.02906344,-0.038506022,-0.001873198,-0.0208852,-0.003800012,-0.01561174,Wild,SD,ND_SD
SD1W_20,-0.007317293,0.065792305,-0.055681615,-0.015356606,-0.023472562,-0.02122363,0.001415258,Wild,SD,ND_SD
SD1W_21,-0.033904856,0.049217594,-0.053393756,-0.013099193,-0.014416841,-0.022198489,0.012240008,Wild,SD,ND_SD
SD1W_35,-0.010196117,0.025969911,0.013642976,0.002828908,0.012650341,0.001927884,0.024459172,Wild,SD,ND_SD
SD1W_4,0.003032828,0.072724746,-0.058151305,-0.028130677,-0.026083582,-0.017150158,0.000511251,Wild,SD,ND_SD
SD1W_6,-0.028848951,0.054112647,-0.050396278,-0.013485429,-0.022024702,-0.020597824,0.009134053,Wild,SD,ND_SD
SD1W11_7_237,-0.041319269,-0.014747117,-0.000302305,0.006315521,0.0037747,-0.003331392,0.005880829,Wild,SD,ND_SD
SD2W_14,-0.023657725,0.044792398,-0.018697317,-0.02357371,-0.028873206,-0.011242082,0.004747476,Wild,SD,ND_SD
SD2W_15,-0.017927289,0.050681479,-0.019301441,-0.02384022,-0.034486927,-0.005452917,-0.007266421,Wild,SD,ND_SD
SD2W_18,-0.011262183,0.062736246,-0.02462106,-0.028568735,-0.04686431,-0.001981583,-0.006283795,Wild,SD,ND_SD
SD2W_19,-0.03772779,0.03638821,-0.018121119,-0.016050343,-0.023636376,-0.009808959,0.006320852,Wild,SD,ND_SD
SD2W_21,-0.024811969,0.043718505,-0.01535962,-0.020938963,-0.025745984,-0.007866733,0.001132926,Wild,SD,ND_SD
SD2W_23,0.009950871,0.072602124,-0.011465409,-0.036745798,-0.056577381,0.001531669,-0.025744566,Wild,SD,ND_SD
SD2W_23R,-0.038810661,0.024881783,0.014605127,-0.019354936,-0.026111442,0.010297177,-0.011833774,Wild,SD,ND_SD
SD2W_27,0.028308103,0.077798358,-0.022327827,-0.03702397,-0.050445432,0.005213476,-0.029780371,Wild,SD,ND_SD
SD2W_30,-0.040663342,0.019278517,0.010161229,-0.013173632,-0.018003733,0.00481117,-0.004099823,Wild,SD,ND_SD
SD2W_38,-0.087896027,-0.013400092,-0.035504134,0.018839389,0.007922328,-0.005278515,-0.00887188,Wild,SD,ND_SD
SD2W_40,-0.03865606,0.035363763,-0.014952276,-0.014097645,-0.023951038,-0.006646838,0.002315644,Wild,SD,ND_SD
SD2W_5,-0.05033681,0.02557593,-0.01377982,-0.010606758,-0.019189657,-0.012468565,0.012522311,Wild,SD,ND_SD
SD2W30_3_360,-0.061797848,-0.021525765,-0.000101414,0.008816381,0.005260729,-0.004759041,0.00832281,Wild,SD,ND_SD
Se_Purp,-0.120594671,-0.048866525,-0.010026017,0.034526608,0.008465701,0.011615576,-0.020827993,Ethnographic,Ethnographic,Ethnographic
Se_Strip_682a,-0.093029465,-0.014831062,-0.026686193,0.021871961,0.000534798,-0.002950377,-0.006961469,Ethnographic,Ethnographic,Ethnographic
Se_Strip_682b,-0.068486027,-0.027542114,0.000235981,0.012152481,0.007030163,-0.004220498,0.007125602,Ethnographic,Ethnographic,Ethnographic
Seneca,-0.140593324,-0.079507793,0.016383677,0.044295206,0.00842595,0.033157187,-0.052380527,Landrace,Landrace,Landrace
Seneca_137749,-0.139969294,-0.070889037,0.019419071,0.038498831,0.008892788,0.025403794,-0.03772415,Ethnographic,Ethnographic,Ethnographic
SK1W_1,-0.040229804,0.003895549,0.049971118,-0.018563407,-0.011598203,0.016864053,-0.017516764,Wild,SK,SK_MB
SK1W_15,-0.027404461,0.041177407,-0.015912346,-0.021097598,-0.025954923,-0.007123899,-0.000103283,Wild,SK,SK_MB
SK1W_22,-0.00762435,0.096382167,-0.131724133,-0.023826112,-0.056103301,-0.08461339,0.043188841,Wild,SK,SK_MB
SK1W_22R,0.002059824,0.09789389,-0.118295614,-0.021652412,-0.05475459,-0.064401068,0.018294044,Wild,SK,SK_MB
SK1W_25,-0.051527872,0.048611523,-0.086300669,-0.005997785,-0.028081564,-0.05893443,0.043871714,Wild,SK,SK_MB
SK1W_29,-0.024779487,0.073351465,-0.11231826,-0.017088388,-0.040303209,-0.068082549,0.041500746,Wild,SK,SK_MB
SK1W_29R,0.043557235,0.11651402,-0.13853139,-0.027426118,-0.070214868,-0.067846665,0.01799942,Wild,SK,SK_MB
SK1W_36,-0.027310459,0.071130745,-0.107883927,-0.010578021,-0.039096578,-0.067414236,0.040001748,Wild,SK,SK_MB
SK1W_37,-0.012480442,0.089425436,-0.118662768,-0.019857784,-0.048835823,-0.07295619,0.041119139,Wild,SK,SK_MB
SK1W_Q,-0.026768427,0.072824655,-0.108152142,-0.011691828,-0.038306156,-0.067501296,0.03879683,Wild,SK,SK_MB
SK1W15_3_300,-0.0467511,0.046264265,-0.094643167,-0.004513283,-0.03224847,-0.061536728,0.034541898,Wild,SK,SK_MB
Zuni,-0.170560955,-0.093108781,0.014048505,0.04819324,0.01852828,0.017926276,-0.028076793,Landrace,Landrace,Landrace